-- Pulse Finance Database Migration Dump
-- Generated on: 2025-09-17T14:34:46.581Z
-- Database: PostgreSQL
-- 
-- This dump contains all data from your Pulse Finance database
-- Your friend can use this to migrate the database to their system
--
-- IMPORTANT: Make sure to update the DATABASE_URL in your .env file
-- before running the migration commands below.
--
-- Migration Instructions:
-- 1. Copy this file to your friend's system
-- 2. Create a new PostgreSQL database
-- 3. Run: psql -h localhost -U username -d database_name < migration-dump-2025-09-17T14-34-46-576Z.sql
-- 4. Update your .env file with the new DATABASE_URL
-- 5. Run: npx prisma generate
-- 6. Run: npx prisma db push (if needed)
--

-- Disable foreign key checks temporarily
SET session_replication_role = replica;


-- Table: plans
DELETE FROM "plans";
INSERT INTO "plans" ("id", "name", "priceMonthly", "priceYearly", "features", "maxBrands", "maxUsers", "trialDays", "isActive", "createdAt", "updatedAt") VALUES ('cmf4835bx0000dwzp6x9f3nb5', 'Free', 0, 0, '{"limits":{"users":1,"brands":1,"wallets":1,"teamMembers":1,"transactions":-1,"inventoryItems":20},"features":["Dashboard stat cards only","Revenue & Cost tracking","Basic financial reports","Settings access","Email support","1 Wallet","20 Inventory items"],"lockedFeatures":["Team management","Project targets","Transfers","Receivables & Payables","Tasks management","Reports","Shopify integration","Bosta integration","Shipblu integration","Business insights","Advanced analytics"]}', 1, 1, 0, true, '2025-09-03T16:59:53.662Z', '2025-09-14T20:30:54.787Z');
INSERT INTO "plans" ("id", "name", "priceMonthly", "priceYearly", "features", "maxBrands", "maxUsers", "trialDays", "isActive", "createdAt", "updatedAt") VALUES ('cmfo26dig0000k4kbu1rhls62', 'Growth', 299, 2990, '{"limits":{"users":-1,"brands":1,"wallets":5,"teamMembers":-1,"transactions":-1,"inventoryItems":300},"features":["Everything in Free","Receivables & Payables","Transfers","Team collaboration","Advanced reporting","Tasks & support tickets","5 Wallets","300 Inventory items","Shopify integration","Bosta integration","Shipblu integration","Standard support"],"integrations":["shopify","bosta","shipblu"],"lockedFeatures":["Smart insights","Advanced analytics","Priority support"]}', 1, -1, 7, true, '2025-09-17T14:09:50.057Z', '2025-09-17T14:09:50.057Z');
INSERT INTO "plans" ("id", "name", "priceMonthly", "priceYearly", "features", "maxBrands", "maxUsers", "trialDays", "isActive", "createdAt", "updatedAt") VALUES ('cmfo26dik0001k4kbipjbiafh', 'Scale', 399, 3990, '{"limits":{"users":-1,"brands":1,"wallets":-1,"teamMembers":-1,"transactions":-1,"inventoryItems":-1},"features":["Everything in Growth","Unlimited wallets","Unlimited inventory items","Smart Insights","Priority support","Onboarding assistance"],"integrations":["shopify","bosta","shipblu"]}', 1, -1, 14, true, '2025-09-17T14:09:50.060Z', '2025-09-17T14:09:50.060Z');


-- Table: users
DELETE FROM "users";
INSERT INTO "users" ("id", "email", "passwordHash", "firstName", "lastName", "emailVerified", "createdAt", "updatedAt", "googleId", "picture") VALUES ('cmey1nvzm0001819wwuhwe9od', 'z@gmail.com', '$2a$12$KZnvSvVQwOeb2vMX6knM0OkU/ApuMLSUj1y4b7ekqYamyVdF4KUWe', 'Zeyad', 'Emad', false, '2025-08-30T09:13:26.961Z', '2025-08-30T09:13:26.961Z', NULL, NULL);
INSERT INTO "users" ("id", "email", "passwordHash", "firstName", "lastName", "emailVerified", "createdAt", "updatedAt", "googleId", "picture") VALUES ('cmeykujhe00012apzrecdj0fz', 'test@example.com', '$2a$12$sAFatwvlnYi/KNIadqdC6eKftZB7X58ePQVPVd8CRI2mTflJXQnmi', 'Ahmed', 'Sayed', false, '2025-08-30T18:10:30.050Z', '2025-08-30T18:10:30.050Z', NULL, NULL);
INSERT INTO "users" ("id", "email", "passwordHash", "firstName", "lastName", "emailVerified", "createdAt", "updatedAt", "googleId", "picture") VALUES ('cmeyl0qpf000l2apzvu6yswiq', 'zey@example.com', '$2a$12$b9d3FUpUD0MYKpiJw72yzeHZXmUOsmuVRzdPs25hkt30OmRaUoJfe', 'Ahmed', 'Sayed', false, '2025-08-30T18:15:19.348Z', '2025-08-30T18:15:19.348Z', NULL, NULL);
INSERT INTO "users" ("id", "email", "passwordHash", "firstName", "lastName", "emailVerified", "createdAt", "updatedAt", "googleId", "picture") VALUES ('cmeyl51so000x2apz9nihi9pq', 'menna@gmail.com', '$2a$12$PGTfVnNilQ55bLreNKwOQOPpBhsHrRC5lRS6xJT1BwSvuLCIkBdp2', 'Menna', 'Hossam', false, '2025-08-30T18:18:40.344Z', '2025-08-30T18:18:40.344Z', NULL, NULL);
INSERT INTO "users" ("id", "email", "passwordHash", "firstName", "lastName", "emailVerified", "createdAt", "updatedAt", "googleId", "picture") VALUES ('cmf494c920001zd1utvhhddlu', 'emad@gmail.com', '$2a$12$H3BlqeHwbPFkGt20/lxKF.YHsf4KvZy9pXLUK4bxxnW9bQ.OEQl0e', 'sayed', 'emad', false, '2025-09-03T17:28:48.902Z', '2025-09-03T17:28:48.902Z', NULL, NULL);
INSERT INTO "users" ("id", "email", "passwordHash", "firstName", "lastName", "emailVerified", "createdAt", "updatedAt", "googleId", "picture") VALUES ('cmf5cyypi0001qzcy1ddu95zm', 'm@gmail.com', '$2a$12$rqYEUG9SH6Veo3W8PcO9JOpgC1tSByF7oYC85iP43FVdWMOgkpGoy', 'Menna Updated', 'Hossam Updated', false, '2025-09-04T12:04:22.710Z', '2025-09-06T19:06:43.193Z', NULL, NULL);
INSERT INTO "users" ("id", "email", "passwordHash", "firstName", "lastName", "emailVerified", "createdAt", "updatedAt", "googleId", "picture") VALUES ('cmf8wczgw0003ck2ee4pspute', 'zoz@gmail.com', '$2a$12$Uua9rks5NWYcXuoPo3v1wO/AyFbvGCFoAGYGNrZmK7zHD8SAiyQSi', 'Zeyad', 'Emad', false, '2025-09-06T23:30:28.112Z', '2025-09-06T23:30:28.112Z', NULL, NULL);
INSERT INTO "users" ("id", "email", "passwordHash", "firstName", "lastName", "emailVerified", "createdAt", "updatedAt", "googleId", "picture") VALUES ('cmfb4v2ec0001zl8npyncsuls', 'ziz@gmail.com', '$2a$12$k6Ce0l1kqiZGJJpuMz8smu1hGnGNaLHlJswWgTFyiw5JLEL4u7opG', 'Zoz', 'Emad', false, '2025-09-08T13:04:00.995Z', '2025-09-08T13:04:00.995Z', NULL, NULL);


-- Table: user_sessions
DELETE FROM "user_sessions";
INSERT INTO "user_sessions" ("id", "userId", "token", "expiresAt", "createdAt") VALUES ('cmey1t9pi0001bu85czz2o2ej', 'cmey1nvzm0001819wwuhwe9od', '7bVxA0RvBSPBnszlKXyH3vHJ37Tm7mEdkPvhgWSc6i7Awh8tQ40SGGPs6LJBGddF', '2025-09-29T09:17:38.020Z', '2025-08-30T09:17:38.021Z');
INSERT INTO "user_sessions" ("id", "userId", "token", "expiresAt", "createdAt") VALUES ('cmey1u98u0001l3y5uoilwx9e', 'cmey1nvzm0001819wwuhwe9od', 'BUEbMlBh3KHG2NTRCdMEXyNbatBwPUI3dsi1C0zXhYJDu3etXWGCbO4rTksnXm84', '2025-09-29T09:18:24.077Z', '2025-08-30T09:18:24.078Z');
INSERT INTO "user_sessions" ("id", "userId", "token", "expiresAt", "createdAt") VALUES ('cmey3q0ty0007105enlf2997j', 'cmey1nvzm0001819wwuhwe9od', 'LVhz1mrJiKAlmlU6JoGSbNojUyPzwV7LygvNcOzF2C5ykQcAKpgFd05mUyMl30of', '2025-09-29T10:11:05.782Z', '2025-08-30T10:11:05.783Z');
INSERT INTO "user_sessions" ("id", "userId", "token", "expiresAt", "createdAt") VALUES ('cmey3q5ms0009105emryf3tg1', 'cmey1nvzm0001819wwuhwe9od', 'L7JUdjtZS0qyLbESozNNi68sywcXhC3wMkpb9ZPunvCiI44cL3049lLCi5qiYJ58', '2025-09-29T10:11:12.004Z', '2025-08-30T10:11:12.005Z');
INSERT INTO "user_sessions" ("id", "userId", "token", "expiresAt", "createdAt") VALUES ('cmey3tscb000f105e6kgc1far', 'cmey1nvzm0001819wwuhwe9od', 'u9viluSEOXpbS73ifmzzUGG4gbFhkRxblNQSFAn5rVrCaqpKmnTHRlCnQcpn5OgD', '2025-09-29T10:14:01.401Z', '2025-08-30T10:14:01.401Z');
INSERT INTO "user_sessions" ("id", "userId", "token", "expiresAt", "createdAt") VALUES ('cmey3ypd20001pq183zr9jo4r', 'cmey1nvzm0001819wwuhwe9od', '9wXK0n5wUEMG3s1SmnBG3cN0yZXY3F5FkAjd3vaqrwopaRcpDugQZFVuhVqrNVR8', '2025-09-29T10:17:50.820Z', '2025-08-30T10:17:50.821Z');
INSERT INTO "user_sessions" ("id", "userId", "token", "expiresAt", "createdAt") VALUES ('cmey40rdp0003pq18juqrlsru', 'cmey1nvzm0001819wwuhwe9od', 'Z2PVCp0Fhx84l8tVd9SVSHElPxjZqURWOTdSyLj1eNwORhnP9xf1ZxEGc9Ay2aD9', '2025-09-29T10:19:26.749Z', '2025-08-30T10:19:26.750Z');
INSERT INTO "user_sessions" ("id", "userId", "token", "expiresAt", "createdAt") VALUES ('cmey4c4ae00014rl5icdtp84k', 'cmey1nvzm0001819wwuhwe9od', 'l3wTCghZR70FkS0nBnhBEJ2cVBdby2uanUSSAmfHc4IAoj03JlJGLEBy3JBupGLQ', '2025-09-29T10:28:16.692Z', '2025-08-30T10:28:16.693Z');
INSERT INTO "user_sessions" ("id", "userId", "token", "expiresAt", "createdAt") VALUES ('cmey4ffph00094rl56l2wsrn2', 'cmey1nvzm0001819wwuhwe9od', 'u5yxgnzA3qCNhJa6wAiZ32LKQrrwvPY427Sy9IJYNwHDatAMMWmNm1SDzHVHUbuO', '2025-09-29T10:30:51.461Z', '2025-08-30T10:30:51.462Z');
INSERT INTO "user_sessions" ("id", "userId", "token", "expiresAt", "createdAt") VALUES ('cmey5ap3v0001gex70hnpp3uh', 'cmey1nvzm0001819wwuhwe9od', 'oB2TAgfCWCdUyemV0rojmGH3jZWf8dxJO7FcmshsyBayjm6LK90IJSwdNajwSJYd', '2025-09-29T10:55:09.978Z', '2025-08-30T10:55:09.979Z');
INSERT INTO "user_sessions" ("id", "userId", "token", "expiresAt", "createdAt") VALUES ('cmey5mnnl0005gex7yof0qx1n', 'cmey1nvzm0001819wwuhwe9od', 'XCH9uOL4OiZgs630DEVToY0dbEfViF0tPPe1hQiCBXoxCAUXBRdM5EB8wRVEwpUf', '2025-09-29T11:04:27.966Z', '2025-08-30T11:04:27.968Z');
INSERT INTO "user_sessions" ("id", "userId", "token", "expiresAt", "createdAt") VALUES ('cmey5ypkt0001phcwslgdfgvz', 'cmey1nvzm0001819wwuhwe9od', '8cCOECm1Z1WWZTb5Q9hjjTwzHeINu2vQ450UKNx0Uh5fii9zstEEC8roiix3OvH0', '2025-09-29T11:13:50.332Z', '2025-08-30T11:13:50.333Z');
INSERT INTO "user_sessions" ("id", "userId", "token", "expiresAt", "createdAt") VALUES ('cmey9a5pv0001clj1umevu8cv', 'cmey1nvzm0001819wwuhwe9od', 'Cn5Q6t70QaoRbikiQCIZno2gNekEDufIx5phVCfjZ27WJ1tmSDohefYSSrVv6edT', '2025-09-29T12:46:43.314Z', '2025-08-30T12:46:43.315Z');
INSERT INTO "user_sessions" ("id", "userId", "token", "expiresAt", "createdAt") VALUES ('cmey9ntlo00014up4zf8bzgyr', 'cmey1nvzm0001819wwuhwe9od', 'nnFtqHLFDlwCewR0ljBDfqdp7PsnogTBMQb46lHghsNI5FFv2xYNFrh4tXXGlHOp', '2025-09-29T12:57:20.794Z', '2025-08-30T12:57:20.794Z');
INSERT INTO "user_sessions" ("id", "userId", "token", "expiresAt", "createdAt") VALUES ('cmey9pztr0001q4qbguqqrd2l', 'cmey1nvzm0001819wwuhwe9od', 'VYTojjkMxblsXO3nUM1LZHWXgfU3SjuyvQVhpzJaHMXqdbeRBg3d2jNvXyvL8BCV', '2025-09-29T12:59:02.168Z', '2025-08-30T12:59:02.169Z');
INSERT INTO "user_sessions" ("id", "userId", "token", "expiresAt", "createdAt") VALUES ('cmeyatm7700065xnuet2i7bfs', 'cmey1nvzm0001819wwuhwe9od', 'gCXdAX4kO1aicEJiRDBwMm365OZSEfheoMKhiWR3tkyttyBjwFrGTJ4YxHUqVtxl', '2025-09-29T13:29:50.752Z', '2025-08-30T13:29:50.754Z');
INSERT INTO "user_sessions" ("id", "userId", "token", "expiresAt", "createdAt") VALUES ('cmeyavvn20001e6acbrgn54hj', 'cmey1nvzm0001819wwuhwe9od', 'GGi0w8P7jC5OrJCGFpT11ObXYz4zZslvCdWUIT6ifUcMQQGFFbZ2wIroPhRhZ1jS', '2025-09-29T13:31:36.299Z', '2025-08-30T13:31:36.300Z');
INSERT INTO "user_sessions" ("id", "userId", "token", "expiresAt", "createdAt") VALUES ('cmeyay7me0005e6acr4jbh643', 'cmey1nvzm0001819wwuhwe9od', 'G6qwKmKv5x3u5dHXQLVriLdQf3NUQFE1oTmmYvgucCBc9TJAujVzWQkUhgoqeP08', '2025-09-29T13:33:25.142Z', '2025-08-30T13:33:25.143Z');
INSERT INTO "user_sessions" ("id", "userId", "token", "expiresAt", "createdAt") VALUES ('cmeydbpyz0001qr96qny50l4a', 'cmey1nvzm0001819wwuhwe9od', '1GMB4R9gS9qv6tsZNcmwlZsYM4fLGwlQ0YzVyTGKiudlHAVH0BuIfp1J7yUBrnPB', '2025-09-29T14:39:54.683Z', '2025-08-30T14:39:54.683Z');
INSERT INTO "user_sessions" ("id", "userId", "token", "expiresAt", "createdAt") VALUES ('cmeyf4npi0001imvr6cz6w7ti', 'cmey1nvzm0001819wwuhwe9od', 'EUQZ2DtrxxOiZQcIctyzi424271IllRrHzxukg7eK8WO7HL1A9L8gzkXGFDrsR9A', '2025-09-29T15:30:24.389Z', '2025-08-30T15:30:24.390Z');
INSERT INTO "user_sessions" ("id", "userId", "token", "expiresAt", "createdAt") VALUES ('cmf3qp1y100019rm2cudxmvza', 'cmey1nvzm0001819wwuhwe9od', 'gjEa7YE1dfni5puugxcASJyJTuUoc36UOoL86KM9W9B32aZbTX6VTRXHYkNs479a', '2025-10-03T08:53:02.616Z', '2025-09-03T08:53:02.617Z');
INSERT INTO "user_sessions" ("id", "userId", "token", "expiresAt", "createdAt") VALUES ('cmf4h09ph000fzd1uanoklxla', 'cmey1nvzm0001819wwuhwe9od', 'isdkwO8r23nscvXRDmfzxBhgdNi87Hb1OanoRleTkDbBLlTLu5ouKJ49IeuPHWiM', '2025-10-03T21:09:35.907Z', '2025-09-03T21:09:35.908Z');
INSERT INTO "user_sessions" ("id", "userId", "token", "expiresAt", "createdAt") VALUES ('cmf57mg720001pehpsl46k6t2', 'cmey1nvzm0001819wwuhwe9od', 'dIHCiNOqh85h5f2RCwqWkRU6HTyKgKQoNOSkfBIvhodxAGIk0H7HXB8CaV9EQg3A', '2025-10-04T09:34:40.765Z', '2025-09-04T09:34:40.766Z');
INSERT INTO "user_sessions" ("id", "userId", "token", "expiresAt", "createdAt") VALUES ('cmf57v2jv0001p8g8g4g6mvew', 'cmey1nvzm0001819wwuhwe9od', 'Ot7qFwAQrNeqDN3zu9E4ZHrXXQffbc1qiB48Lels7ERluS07Va3ajji4BMJEzW3j', '2025-10-04T09:41:22.985Z', '2025-09-04T09:41:22.985Z');
INSERT INTO "user_sessions" ("id", "userId", "token", "expiresAt", "createdAt") VALUES ('cmf5831ko0001h76mvdh97w2q', 'cmey1nvzm0001819wwuhwe9od', 'EhXcLgzL8tduZm4xcKKdLRd97ncGkDibPE1spY2a6enUYKGHq5Xt4PRVHzi1m1CI', '2025-10-04T09:47:34.965Z', '2025-09-04T09:47:34.966Z');
INSERT INTO "user_sessions" ("id", "userId", "token", "expiresAt", "createdAt") VALUES ('cmf59wi2b00016sf9yn6ekpr5', 'cmey1nvzm0001819wwuhwe9od', 'HY7hkvabXC0tmG0QBrlBbC7yUSMNkqT0As3VYdXN6IYkoCBSHcPX9KSIHjf54Q9V', '2025-10-04T10:38:28.978Z', '2025-09-04T10:38:28.979Z');
INSERT INTO "user_sessions" ("id", "userId", "token", "expiresAt", "createdAt") VALUES ('cmf5cyyzy000bqzcyo13pl3br', 'cmf5cyypi0001qzcy1ddu95zm', 'L1q9ZD9v1gOYBbZCt5OS2Rfuq1btnAYvoxkseGmweG4Lju8qpSyJUCfaDO7G7KuD', '2025-10-04T12:04:23.086Z', '2025-09-04T12:04:23.086Z');
INSERT INTO "user_sessions" ("id", "userId", "token", "expiresAt", "createdAt") VALUES ('cmf5vuean000dqzcyab73cs8a', 'cmey1nvzm0001819wwuhwe9od', 'WIcG5637B54RbyGq9K15NGzR6lRVAYIjCaF6fa6cYk9Ymi3qW0bfROx7TKTZRwqV', '2025-10-04T20:52:42.333Z', '2025-09-04T20:52:42.335Z');
INSERT INTO "user_sessions" ("id", "userId", "token", "expiresAt", "createdAt") VALUES ('cmf5wt5mc0001bo7709fq20ab', 'cmey1nvzm0001819wwuhwe9od', 'rdQixFR1OYKq3UBDkjSDAE4FFiH2VutaHMAGqaf4rfPHUSwGzAVtp8OMHy4dpQ9Y', '2025-10-04T21:19:44.051Z', '2025-09-04T21:19:44.052Z');
INSERT INTO "user_sessions" ("id", "userId", "token", "expiresAt", "createdAt") VALUES ('cmf5wxb4v0003jmg33l88btb8', 'cmey1nvzm0001819wwuhwe9od', 'KYiRq7JjiztuL4UH2YaMUZFDs3vHKcO9dMmEniosRKup5ZILXy6etvWlvgNFAyyQ', '2025-10-04T21:22:57.821Z', '2025-09-04T21:22:57.822Z');
INSERT INTO "user_sessions" ("id", "userId", "token", "expiresAt", "createdAt") VALUES ('cmf5wxpk10001dtbfoccgjml4', 'cmey1nvzm0001819wwuhwe9od', 'QvnI3bMOzi4looMJhxirk8DG9RLVXEWbnsmfmTTjvjuDMdRTUUpdMCeeQKlspLWJ', '2025-10-04T21:23:16.512Z', '2025-09-04T21:23:16.513Z');
INSERT INTO "user_sessions" ("id", "userId", "token", "expiresAt", "createdAt") VALUES ('cmf6upt3t0001iki5d56goiie', 'cmey1nvzm0001819wwuhwe9od', '02C0Vj0sMwWFSobFd5rONMn12DhHLVqN0myxp06glojMub6Jfa9Fx7IdzHwPwSYk', '2025-10-05T13:08:54.808Z', '2025-09-05T13:08:54.809Z');
INSERT INTO "user_sessions" ("id", "userId", "token", "expiresAt", "createdAt") VALUES ('cmf6w6uom000114dvq900rxhp', 'cmey1nvzm0001819wwuhwe9od', 'FVfkNK3qW1gIDj1N6bPTgDCW1IeXeP6B4BPk6ySdYumMSzNQ46R4Y10PerMj6NDi', '2025-10-05T13:50:09.622Z', '2025-09-05T13:50:09.623Z');
INSERT INTO "user_sessions" ("id", "userId", "token", "expiresAt", "createdAt") VALUES ('cmf87fks10001m2ui6mz1uyfu', 'cmey1nvzm0001819wwuhwe9od', 'od1EaSy8BjD7jGkFo4d9PHzUtR33VXFuCHhqsDqlk0hKdM534KcZE6Ncr5LIzoIr', '2025-10-06T11:52:38.640Z', '2025-09-06T11:52:38.641Z');
INSERT INTO "user_sessions" ("id", "userId", "token", "expiresAt", "createdAt") VALUES ('cmf8ghbsl0001ah3zhn1p2di2', 'cmey1nvzm0001819wwuhwe9od', 'vYDwyzwSvcapyywySaabW78ndXGyCUvOKUK8XbwYrr31SpgnKHwiFc8XPliLUTq7', '2025-10-06T16:05:56.851Z', '2025-09-06T16:05:56.852Z');
INSERT INTO "user_sessions" ("id", "userId", "token", "expiresAt", "createdAt") VALUES ('cmf8gk9e10003ah3zghofzhnx', 'cmey1nvzm0001819wwuhwe9od', 'FeevKQ16RMjUy7D5fSvz4F04b4Rvw6zNCEiPfCLCFZV7mr2WdxzHQj9InQeItx0H', '2025-10-06T16:08:13.705Z', '2025-09-06T16:08:13.706Z');
INSERT INTO "user_sessions" ("id", "userId", "token", "expiresAt", "createdAt") VALUES ('cmf8ja3f50001r3rgd2nciorz', 'cmey1nvzm0001819wwuhwe9od', 'gwlMnceZvHvxVoAHrvKDyyvmtP3a7CD2fp0daqMdUJRg5KtQvYBARK5Yh84MZYhe', '2025-10-06T17:24:18.256Z', '2025-09-06T17:24:18.256Z');
INSERT INTO "user_sessions" ("id", "userId", "token", "expiresAt", "createdAt") VALUES ('cmf8wczs4000dck2ex5htu6e1', 'cmf8wczgw0003ck2ee4pspute', 'd6eGxldJ3uYyBYn6BDTwHrbfhRBy548iZGyNOHEmnjpH5DNZealE5U9zvdDm62QJ', '2025-10-06T23:30:28.515Z', '2025-09-06T23:30:28.516Z');
INSERT INTO "user_sessions" ("id", "userId", "token", "expiresAt", "createdAt") VALUES ('cmfb6hbd10001xbs3jzb33jtg', 'cmfb4v2ec0001zl8npyncsuls', 'lLSBpJWRz46ShJUfHSp2GAfF31J7KSmpyrhxtcDQ4gwJptBMeRSEOcZ8TsDCX1GL', '2025-10-08T13:49:18.658Z', '2025-09-08T13:49:18.659Z');
INSERT INTO "user_sessions" ("id", "userId", "token", "expiresAt", "createdAt") VALUES ('cmfb74qan0001169vnr1rlac6', 'cmfb4v2ec0001zl8npyncsuls', 'oO4DdPeuCQfN23R3V8q1isQsypVnXwO983BFwlV14M2fdIUxGZWQ46nrYJ9bXAPP', '2025-10-08T14:07:31.102Z', '2025-09-08T14:07:31.103Z');
INSERT INTO "user_sessions" ("id", "userId", "token", "expiresAt", "createdAt") VALUES ('cmfb8za21001xdcvbnpo9y9zg', 'cmfb4v2ec0001zl8npyncsuls', 'qD7NLyEVYsyjBJGTiMYoQCxUPPoWw9fDO6Z1SP6xOFuS3Qarw5mWnglkabSj1dO6', '2025-10-08T14:59:16.004Z', '2025-09-08T14:59:16.008Z');
INSERT INTO "user_sessions" ("id", "userId", "token", "expiresAt", "createdAt") VALUES ('cmfbgdb4900058ahk23pnhry4', 'cmfb4v2ec0001zl8npyncsuls', 'z2WRjMlzfXspmmrI433SOS32Td1rOrJ3jzujpHkOVsSNhYlHt5QTRZ5LseHEqPe3', '2025-10-08T18:26:07.881Z', '2025-09-08T18:26:07.882Z');
INSERT INTO "user_sessions" ("id", "userId", "token", "expiresAt", "createdAt") VALUES ('cmfbhaswx000h8ahk50d59vei', 'cmfb4v2ec0001zl8npyncsuls', 'virIctNvE1KkCRFD3dMb82EqbavlHc5nTshiZDlwk2qrYnFFhr92WOFjRItNzZUD', '2025-10-08T18:52:10.591Z', '2025-09-08T18:52:10.592Z');
INSERT INTO "user_sessions" ("id", "userId", "token", "expiresAt", "createdAt") VALUES ('cmfbhi4h3000l8ahk3wrcb5nt', 'cmfb4v2ec0001zl8npyncsuls', 'SMeJafdTLOB9Za8ntJe4Y0BqARrQngOooZ61e3lSbq5ozBMcfGR1D8viBAltuxZy', '2025-10-08T18:57:52.166Z', '2025-09-08T18:57:52.167Z');
INSERT INTO "user_sessions" ("id", "userId", "token", "expiresAt", "createdAt") VALUES ('cmff4pde6000ni2yvy5jv1b1y', 'cmfb4v2ec0001zl8npyncsuls', 'v9E2DLRTV0fJIqORuAaHKFjtkp5SyHmhbw91pdHabSAMvVhKwTA1HLQoJMXjnOWD', '2025-10-11T08:10:40.014Z', '2025-09-11T08:10:40.015Z');
INSERT INTO "user_sessions" ("id", "userId", "token", "expiresAt", "createdAt") VALUES ('cmff58zf60007hk6heh5f5kkw', 'cmfb4v2ec0001zl8npyncsuls', 'Dag6Co9K5PRhCcJg0cwRJTwx0tKWdLZvfAPHpkF8rOzqa11D3rUtm5IupiRSJPwS', '2025-10-11T08:25:55.026Z', '2025-09-11T08:25:55.026Z');
INSERT INTO "user_sessions" ("id", "userId", "token", "expiresAt", "createdAt") VALUES ('cmff59c7r000dhk6ha9xhrqpl', 'cmfb4v2ec0001zl8npyncsuls', '0wrGaaZM6bUQEt4im8B9U8dil8G1Q37Wjh3kr2UYLqapKF3coVlaI6FgoxA2Loem', '2025-10-11T08:26:11.607Z', '2025-09-11T08:26:11.607Z');
INSERT INTO "user_sessions" ("id", "userId", "token", "expiresAt", "createdAt") VALUES ('cmff5qy070005agg9z6oabvbp', 'cmfb4v2ec0001zl8npyncsuls', 'M7UvYhVZkd3LOHw7tTaE8wWztjOpeZiTjR3WcEYAZijRrD7bvts0caMlKQ6sp7Yt', '2025-10-11T08:39:52.998Z', '2025-09-11T08:39:52.999Z');
INSERT INTO "user_sessions" ("id", "userId", "token", "expiresAt", "createdAt") VALUES ('cmff5rdvw000bagg9xlih0cne', 'cmfb4v2ec0001zl8npyncsuls', 'liF9lZ62Xm8WOa8DSK18xra18wT7GznBtzlXq3e3aJISINAPp02cmW5b2fbaGrig', '2025-10-11T08:40:13.580Z', '2025-09-11T08:40:13.581Z');
INSERT INTO "user_sessions" ("id", "userId", "token", "expiresAt", "createdAt") VALUES ('cmff5wixn000fagg97duq49w3', 'cmfb4v2ec0001zl8npyncsuls', 'A20TsgcRjKUylf3qYMARM6ahkJcIiXsYA9ouPfyP09JHV8TJoLwT8lAlIzLI39ay', '2025-10-11T08:44:13.403Z', '2025-09-11T08:44:13.404Z');
INSERT INTO "user_sessions" ("id", "userId", "token", "expiresAt", "createdAt") VALUES ('cmff5xkzx000jagg9i7fe1l0t', 'cmfb4v2ec0001zl8npyncsuls', 's6gxSO12mGKOyQdq5fPl1aYi39jrGhqEuJHwbqxZJhILGnNfqRZncvsrRrZ8FRay', '2025-10-11T08:45:02.733Z', '2025-09-11T08:45:02.734Z');
INSERT INTO "user_sessions" ("id", "userId", "token", "expiresAt", "createdAt") VALUES ('cmff62dop000nagg984z9flst', 'cmfb4v2ec0001zl8npyncsuls', 'D8YEkDT4IG2i2YuFXVhSlgTIaaYpaqkTsfwa8OOIcbfZhOX0dI71gA3oSgSpuluN', '2025-10-11T08:48:46.537Z', '2025-09-11T08:48:46.537Z');
INSERT INTO "user_sessions" ("id", "userId", "token", "expiresAt", "createdAt") VALUES ('cmffdlalu00019klka93ca5pc', 'cmfb4v2ec0001zl8npyncsuls', 'UmBICTRPI2cZBdyV1hnhmyYQbjIHevqSFalHGPoBv9dwXAvldFNKqxZxko62WPGB', '2025-10-11T12:19:26.318Z', '2025-09-11T12:19:26.319Z');
INSERT INTO "user_sessions" ("id", "userId", "token", "expiresAt", "createdAt") VALUES ('cmffnsomo000181wy2b8pm5dc', 'cmfb4v2ec0001zl8npyncsuls', 'W9uCAr7WrjVPvS81Rsvw87ptyAoqmpH63hrgrhzNW5za5zqIPXgU4vSiOM0auKxz', '2025-10-11T17:05:07.244Z', '2025-09-11T17:05:07.245Z');
INSERT INTO "user_sessions" ("id", "userId", "token", "expiresAt", "createdAt") VALUES ('cmffouk4z0001oj7vdv4def36', 'cmfb4v2ec0001zl8npyncsuls', 'X4KTTSV1pmNp5jBG6EP36P4uPfS2dykZTggh4uIrShqQpOeygVFfk5v9rpqwvJPW', '2025-10-11T17:34:34.351Z', '2025-09-11T17:34:34.352Z');
INSERT INTO "user_sessions" ("id", "userId", "token", "expiresAt", "createdAt") VALUES ('cmfh48kh90003tz7wp4l77g1c', 'cmfb4v2ec0001zl8npyncsuls', 'fRFJSwMVBO5R7OUOOawp89XpBy6nhneglSJJHPhcYGXfKDbHTZVoTBgF7nCQ37W8', '2025-10-12T17:33:08.396Z', '2025-09-12T17:33:08.396Z');
INSERT INTO "user_sessions" ("id", "userId", "token", "expiresAt", "createdAt") VALUES ('cmfh4wpk20001oglzbhcp8o6a', 'cmfb4v2ec0001zl8npyncsuls', 'mx3As30U7Ay2VPibMfbL7xL2x8uKMbnMYDRWw6Wqjz2o2q40Hz7fMO3rj3buLJQc', '2025-10-12T17:51:54.720Z', '2025-09-12T17:51:54.721Z');
INSERT INTO "user_sessions" ("id", "userId", "token", "expiresAt", "createdAt") VALUES ('cmfh6vek50001t7bggdofqpp5', 'cmfb4v2ec0001zl8npyncsuls', 'ZPjhtZsTkpPbNNB589xnfd0KIMfHCCn2WduagA0cj1wxe7wUMSKjecnOaGp1x8mk', '2025-10-12T18:46:53.044Z', '2025-09-12T18:46:53.045Z');
INSERT INTO "user_sessions" ("id", "userId", "token", "expiresAt", "createdAt") VALUES ('cmfhf6ed30001hcameki72cuj', 'cmfb4v2ec0001zl8npyncsuls', 'Rho3kQVBNbXGoCoMbo70mdnzrDHJpnmQGHBxJqPEgjhN5BjKAb1LCYfbLEHDOIs0', '2025-10-12T22:39:22.928Z', '2025-09-12T22:39:22.930Z');
INSERT INTO "user_sessions" ("id", "userId", "token", "expiresAt", "createdAt") VALUES ('cmfilvd2g0001r9g1cthd8xn1', 'cmfb4v2ec0001zl8npyncsuls', 'lNFCfHxia2fKT9LGEWQYzJh08wMEe1G4Oab4HPVvfl9QvYRurDs30yr67epdriXB', '2025-10-13T18:34:31.527Z', '2025-09-13T18:34:31.528Z');
INSERT INTO "user_sessions" ("id", "userId", "token", "expiresAt", "createdAt") VALUES ('cmfim90e60007r9g168jqcnsa', 'cmfb4v2ec0001zl8npyncsuls', 'FR6UaBGuuwBwkBT3gv8FrpULA7hsfwi6MgQHi2FhmHmZ18P6YYxi1mf9u1SQ4QZX', '2025-10-13T18:45:08.285Z', '2025-09-13T18:45:08.287Z');
INSERT INTO "user_sessions" ("id", "userId", "token", "expiresAt", "createdAt") VALUES ('cmfiopk0v000br9g1upkva01l', 'cmfb4v2ec0001zl8npyncsuls', 'zlXOPvPikEdf3kHgZhalmBIWLN7behS9V0pDhoqucvrT0Pj4xOUdI2vlu5KosIiy', '2025-10-13T19:53:59.453Z', '2025-09-13T19:53:59.455Z');
INSERT INTO "user_sessions" ("id", "userId", "token", "expiresAt", "createdAt") VALUES ('cmfjegifl0003xfmgeyl47xaz', 'cmfb4v2ec0001zl8npyncsuls', '6tivIE3SdWZvs5CjNkyOjpLC4l3CSibjVjQ3jCZVgRxiYMvO55pUtn4ELLDf3O3S', '2025-10-14T07:54:47.505Z', '2025-09-14T07:54:47.506Z');
INSERT INTO "user_sessions" ("id", "userId", "token", "expiresAt", "createdAt") VALUES ('cmfjenxsr0001ah417wq0st40', 'cmfb4v2ec0001zl8npyncsuls', 'DM9LxasMv1NKELCJlzpe9upGMZCww62DaKHATKg9rm7D4KbEBXJHbGMJzB9zzidh', '2025-10-14T08:00:34.010Z', '2025-09-14T08:00:34.011Z');
INSERT INTO "user_sessions" ("id", "userId", "token", "expiresAt", "createdAt") VALUES ('cmfjf191d0001ipiccbbrwtbb', 'cmfb4v2ec0001zl8npyncsuls', 'nbsNqpmk6tFAlGFS3fBGaSkZQ4FQHrILaEh94hzmp9Q5HwLe0YDcpUKP5JYTMoUC', '2025-10-14T08:10:55.103Z', '2025-09-14T08:10:55.104Z');
INSERT INTO "user_sessions" ("id", "userId", "token", "expiresAt", "createdAt") VALUES ('cmfk77roq000n7bgqxv7macsz', 'cmfb4v2ec0001zl8npyncsuls', '8sZeouXYZ19zsOaVwQIBADBqg5vUVPqSp5JzeVxwPnkEPGfvMlWunCmh2dnGlwxf', '2025-10-14T21:19:48.457Z', '2025-09-14T21:19:48.458Z');
INSERT INTO "user_sessions" ("id", "userId", "token", "expiresAt", "createdAt") VALUES ('cmfk7ik9n0001r0jcipmlx8uy', 'cmfb4v2ec0001zl8npyncsuls', '1Uvw9NdI7O7UKoy3we5owj2SyotGQhwcKYmLpGprInJk3aHc1lPv8N9ftFhxYdL1', '2025-10-14T21:28:12.057Z', '2025-09-14T21:28:12.058Z');
INSERT INTO "user_sessions" ("id", "userId", "token", "expiresAt", "createdAt") VALUES ('cmfl4rkw40001vxgd56uvvd7d', 'cmfb4v2ec0001zl8npyncsuls', 'cn3506CDNrmRrMOmGQQbVAXGNQBSgn9HQ7BHwHlVa8s95NOfiIwH05OSr2G8fjxK', '2025-10-15T12:59:00.098Z', '2025-09-15T12:59:00.099Z');
INSERT INTO "user_sessions" ("id", "userId", "token", "expiresAt", "createdAt") VALUES ('cmfo2a39q000710a220ubck7n', 'cmfb4v2ec0001zl8npyncsuls', '5xlVusixd9ZUm910uTuTbMauT3zJ3Q1bsG8aTpFPPdfrOxpkozOib8i0aFJxrm4n', '2025-10-17T14:12:43.406Z', '2025-09-17T14:12:43.407Z');


-- Table: subscriptions
DELETE FROM "subscriptions";
INSERT INTO "subscriptions" ("id", "userId", "planId", "status", "currentPeriodStart", "currentPeriodEnd", "stripeSubscriptionId", "stripeCustomerId", "createdAt", "updatedAt", "cancelAtPeriodEnd", "cancelledAt", "paymentMethod", "trialEnd", "trialStart") VALUES ('cmeyl0qpj000r2apz2sl9th9i', 'cmeyl0qpf000l2apzvu6yswiq', 'cmf4835bx0000dwzp6x9f3nb5', 'trialing', '2025-08-30T18:15:19.350Z', '2025-09-13T18:15:19.350Z', NULL, NULL, '2025-08-30T18:15:19.351Z', '2025-09-17T14:09:50.044Z', false, NULL, 'mock', '2025-09-13T18:15:19.350Z', '2025-08-30T18:15:19.350Z');
INSERT INTO "subscriptions" ("id", "userId", "planId", "status", "currentPeriodStart", "currentPeriodEnd", "stripeSubscriptionId", "stripeCustomerId", "createdAt", "updatedAt", "cancelAtPeriodEnd", "cancelledAt", "paymentMethod", "trialEnd", "trialStart") VALUES ('cmeyl51st00132apzh5zwc5u2', 'cmeyl51so000x2apz9nihi9pq', 'cmf4835bx0000dwzp6x9f3nb5', 'trialing', '2025-08-30T18:18:40.349Z', '2025-09-13T18:18:40.349Z', NULL, NULL, '2025-08-30T18:18:40.349Z', '2025-09-17T14:09:50.044Z', false, NULL, 'mock', '2025-09-13T18:18:40.349Z', '2025-08-30T18:18:40.349Z');
INSERT INTO "subscriptions" ("id", "userId", "planId", "status", "currentPeriodStart", "currentPeriodEnd", "stripeSubscriptionId", "stripeCustomerId", "createdAt", "updatedAt", "cancelAtPeriodEnd", "cancelledAt", "paymentMethod", "trialEnd", "trialStart") VALUES ('cmf494c9l0007zd1uvibifqob', 'cmf494c920001zd1utvhhddlu', 'cmf4835bx0000dwzp6x9f3nb5', 'trialing', '2025-09-03T17:28:48.920Z', '2025-09-10T17:28:48.920Z', NULL, NULL, '2025-09-03T17:28:48.921Z', '2025-09-17T14:09:50.044Z', false, NULL, 'mock', '2025-09-10T17:28:48.920Z', '2025-09-03T17:28:48.920Z');
INSERT INTO "subscriptions" ("id", "userId", "planId", "status", "currentPeriodStart", "currentPeriodEnd", "stripeSubscriptionId", "stripeCustomerId", "createdAt", "updatedAt", "cancelAtPeriodEnd", "cancelledAt", "paymentMethod", "trialEnd", "trialStart") VALUES ('cmey1nw010007819wjxrwa077', 'cmey1nvzm0001819wwuhwe9od', 'cmf4835bx0000dwzp6x9f3nb5', 'active', '2025-08-30T09:13:33.236Z', '2025-09-29T09:13:33.236Z', NULL, NULL, '2025-08-30T09:13:26.978Z', '2025-09-17T14:09:50.044Z', false, NULL, 'mock', '2025-09-06T09:13:26.977Z', '2025-08-30T09:13:26.977Z');
INSERT INTO "subscriptions" ("id", "userId", "planId", "status", "currentPeriodStart", "currentPeriodEnd", "stripeSubscriptionId", "stripeCustomerId", "createdAt", "updatedAt", "cancelAtPeriodEnd", "cancelledAt", "paymentMethod", "trialEnd", "trialStart") VALUES ('cmf5cyyqe0007qzcy81b4fhed', 'cmf5cyypi0001qzcy1ddu95zm', 'cmf4835bx0000dwzp6x9f3nb5', 'active', '2025-09-04T12:04:22.741Z', '2025-09-04T12:04:22.741Z', NULL, NULL, '2025-09-04T12:04:22.742Z', '2025-09-17T14:09:50.044Z', false, NULL, 'mock', '2025-09-04T12:04:22.741Z', '2025-09-04T12:04:22.741Z');
INSERT INTO "subscriptions" ("id", "userId", "planId", "status", "currentPeriodStart", "currentPeriodEnd", "stripeSubscriptionId", "stripeCustomerId", "createdAt", "updatedAt", "cancelAtPeriodEnd", "cancelledAt", "paymentMethod", "trialEnd", "trialStart") VALUES ('cmf8wczhj0009ck2ejyqh8mur', 'cmf8wczgw0003ck2ee4pspute', 'cmf4835bx0000dwzp6x9f3nb5', 'trialing', '2025-09-06T23:30:28.134Z', '2025-09-20T23:30:28.134Z', NULL, NULL, '2025-09-06T23:30:28.135Z', '2025-09-17T14:09:50.044Z', false, NULL, 'mock', '2025-09-20T23:30:28.134Z', '2025-09-06T23:30:28.134Z');
INSERT INTO "subscriptions" ("id", "userId", "planId", "status", "currentPeriodStart", "currentPeriodEnd", "stripeSubscriptionId", "stripeCustomerId", "createdAt", "updatedAt", "cancelAtPeriodEnd", "cancelledAt", "paymentMethod", "trialEnd", "trialStart") VALUES ('cmfb4v2ey0007zl8nb1jvxw6p', 'cmfb4v2ec0001zl8npyncsuls', 'cmfo26dig0000k4kbu1rhls62', 'active', '2025-09-17T14:12:16.232Z', '2025-10-17T14:12:16.232Z', NULL, NULL, '2025-09-08T13:04:01.018Z', '2025-09-17T14:12:16.232Z', false, NULL, 'test', '2025-09-15T13:04:01.017Z', '2025-09-08T13:04:01.017Z');


-- Table: invoices
DELETE FROM "invoices";
INSERT INTO "invoices" ("id", "subscriptionId", "amount", "currency", "status", "stripeInvoiceId", "dueDate", "paidAt", "createdAt", "updatedAt", "description", "invoiceNumber", "userId") VALUES ('cmey1nw070009819wlnk99blc', 'cmey1nw010007819wjxrwa077', 29, 'USD', 'paid', NULL, '2025-09-06T09:13:26.977Z', NULL, '2025-08-30T09:13:26.983Z', '2025-08-30T09:13:33.245Z', 'Initial subscription to Starter plan', 'INV-45206983-OI3D', 'cmey1nvzm0001819wwuhwe9od');
INSERT INTO "invoices" ("id", "subscriptionId", "amount", "currency", "status", "stripeInvoiceId", "dueDate", "paidAt", "createdAt", "updatedAt", "description", "invoiceNumber", "userId") VALUES ('cmeyl0qpl000t2apzguc58c3h', 'cmeyl0qpj000r2apz2sl9th9i', 79, 'EGP', 'pending', NULL, '2025-09-13T18:15:19.350Z', NULL, '2025-08-30T18:15:19.353Z', '2025-08-30T18:15:19.353Z', 'Initial subscription to Professional plan', 'INV-77719352-19CD', 'cmeyl0qpf000l2apzvu6yswiq');
INSERT INTO "invoices" ("id", "subscriptionId", "amount", "currency", "status", "stripeInvoiceId", "dueDate", "paidAt", "createdAt", "updatedAt", "description", "invoiceNumber", "userId") VALUES ('cmeyl51sw00152apz1brn67kp', 'cmeyl51st00132apzh5zwc5u2', 79, 'EGP', 'pending', NULL, '2025-09-13T18:18:40.349Z', NULL, '2025-08-30T18:18:40.352Z', '2025-08-30T18:18:40.352Z', 'Initial subscription to Professional plan', 'INV-77920351-MWFQ', 'cmeyl51so000x2apz9nihi9pq');
INSERT INTO "invoices" ("id", "subscriptionId", "amount", "currency", "status", "stripeInvoiceId", "dueDate", "paidAt", "createdAt", "updatedAt", "description", "invoiceNumber", "userId") VALUES ('cmf494c9t0009zd1u7p2cdixe', 'cmf494c9l0007zd1uvibifqob', 299, 'EGP', 'pending', NULL, '2025-09-10T17:28:48.920Z', NULL, '2025-09-03T17:28:48.930Z', '2025-09-03T17:28:48.930Z', 'Initial subscription to Starter plan', 'INV-20528929-GEIP', 'cmf494c920001zd1utvhhddlu');
INSERT INTO "invoices" ("id", "subscriptionId", "amount", "currency", "status", "stripeInvoiceId", "dueDate", "paidAt", "createdAt", "updatedAt", "description", "invoiceNumber", "userId") VALUES ('cmf5cyyql0009qzcyb8ai96eq', 'cmf5cyyqe0007qzcy81b4fhed', 0, 'EGP', 'pending', NULL, '2025-09-04T12:04:22.741Z', NULL, '2025-09-04T12:04:22.749Z', '2025-09-04T12:04:22.749Z', 'Initial subscription to Free plan', 'INV-87462748-U59E', 'cmf5cyypi0001qzcy1ddu95zm');
INSERT INTO "invoices" ("id", "subscriptionId", "amount", "currency", "status", "stripeInvoiceId", "dueDate", "paidAt", "createdAt", "updatedAt", "description", "invoiceNumber", "userId") VALUES ('cmf8wczhp000bck2ervyfa9vh', 'cmf8wczhj0009ck2ejyqh8mur', 499, 'EGP', 'pending', NULL, '2025-09-20T23:30:28.134Z', NULL, '2025-09-06T23:30:28.141Z', '2025-09-06T23:30:28.141Z', 'Initial subscription to Professional plan', 'INV-01428141-TAA4', 'cmf8wczgw0003ck2ee4pspute');
INSERT INTO "invoices" ("id", "subscriptionId", "amount", "currency", "status", "stripeInvoiceId", "dueDate", "paidAt", "createdAt", "updatedAt", "description", "invoiceNumber", "userId") VALUES ('cmfb4v2f50009zl8nkpdfg8jt', 'cmfb4v2ey0007zl8nb1jvxw6p', 299, 'EGP', 'pending', NULL, '2025-09-15T13:04:01.017Z', NULL, '2025-09-08T13:04:01.026Z', '2025-09-08T13:04:01.026Z', 'Initial subscription to Starter plan', 'INV-36641025-GZ0L', 'cmfb4v2ec0001zl8npyncsuls');


-- Table: brands
DELETE FROM "brands";
INSERT INTO "brands" ("id", "userId", "name", "logoUrl", "settings", "createdAt", "updatedAt") VALUES ('cmeykujhn00032apzvkyerxnk', 'cmeykujhe00012apzrecdj0fz', 'Nike', NULL, '{}', '2025-08-30T18:10:30.060Z', '2025-08-30T18:10:30.060Z');
INSERT INTO "brands" ("id", "userId", "name", "logoUrl", "settings", "createdAt", "updatedAt") VALUES ('cmeyl0qpg000n2apz8ijpl7kj', 'cmeyl0qpf000l2apzvu6yswiq', 'asoss', NULL, '{}', '2025-08-30T18:15:19.349Z', '2025-08-30T18:15:19.349Z');
INSERT INTO "brands" ("id", "userId", "name", "logoUrl", "settings", "createdAt", "updatedAt") VALUES ('cmeyl51sq000z2apznxjvtoio', 'cmeyl51so000x2apz9nihi9pq', 'Byme', NULL, '{}', '2025-08-30T18:18:40.347Z', '2025-08-30T18:18:40.347Z');
INSERT INTO "brands" ("id", "userId", "name", "logoUrl", "settings", "createdAt", "updatedAt") VALUES ('cmf494c9d0003zd1ubfmj7823', 'cmf494c920001zd1utvhhddlu', 'azoz', NULL, '{}', '2025-09-03T17:28:48.913Z', '2025-09-03T17:28:48.913Z');
INSERT INTO "brands" ("id", "userId", "name", "logoUrl", "settings", "createdAt", "updatedAt") VALUES ('cmf5cyyq80003qzcy4d6sutkg', 'cmf5cyypi0001qzcy1ddu95zm', 'byManon Updated', 'https://example.com/logo.png', '{}', '2025-09-04T12:04:22.736Z', '2025-09-06T19:28:16.748Z');
INSERT INTO "brands" ("id", "userId", "name", "logoUrl", "settings", "createdAt", "updatedAt") VALUES ('cmf8wczh40005ck2enc8fe2ia', 'cmf8wczgw0003ck2ee4pspute', 'blankk', NULL, '{}', '2025-09-06T23:30:28.120Z', '2025-09-06T23:30:28.120Z');
INSERT INTO "brands" ("id", "userId", "name", "logoUrl", "settings", "createdAt", "updatedAt") VALUES ('cmfb4v2en0003zl8n346klzlu', 'cmfb4v2ec0001zl8npyncsuls', 'byBlankk', NULL, '{}', '2025-09-08T13:04:01.007Z', '2025-09-08T13:04:01.007Z');


-- Table: brand_users
DELETE FROM "brand_users";
INSERT INTO "brand_users" ("id", "brandId", "userId", "role", "permissions", "invitedAt", "acceptedAt") VALUES ('cmeykujhu00052apzetprpe5l', 'cmeykujhn00032apzvkyerxnk', 'cmeykujhe00012apzrecdj0fz', 'owner', '[]', '2025-08-30T18:10:30.066Z', '2025-08-30T18:10:30.065Z');
INSERT INTO "brand_users" ("id", "brandId", "userId", "role", "permissions", "invitedAt", "acceptedAt") VALUES ('cmeyl0qph000p2apzahxsg5sq', 'cmeyl0qpg000n2apz8ijpl7kj', 'cmeyl0qpf000l2apzvu6yswiq', 'owner', '[]', '2025-08-30T18:15:19.350Z', '2025-08-30T18:15:19.349Z');
INSERT INTO "brand_users" ("id", "brandId", "userId", "role", "permissions", "invitedAt", "acceptedAt") VALUES ('cmeyl51sr00112apzjcwuihe2', 'cmeyl51sq000z2apznxjvtoio', 'cmeyl51so000x2apz9nihi9pq', 'owner', '[]', '2025-08-30T18:18:40.348Z', '2025-08-30T18:18:40.347Z');
INSERT INTO "brand_users" ("id", "brandId", "userId", "role", "permissions", "invitedAt", "acceptedAt") VALUES ('cmf494c9i0005zd1ub85e8ts2', 'cmf494c9d0003zd1ubfmj7823', 'cmf494c920001zd1utvhhddlu', 'owner', '[]', '2025-09-03T17:28:48.918Z', '2025-09-03T17:28:48.918Z');
INSERT INTO "brand_users" ("id", "brandId", "userId", "role", "permissions", "invitedAt", "acceptedAt") VALUES ('cmf5cyyqc0005qzcy4pqxtpd8', 'cmf5cyyq80003qzcy4d6sutkg', 'cmf5cyypi0001qzcy1ddu95zm', 'owner', '[]', '2025-09-04T12:04:22.740Z', '2025-09-04T12:04:22.739Z');
INSERT INTO "brand_users" ("id", "brandId", "userId", "role", "permissions", "invitedAt", "acceptedAt") VALUES ('cmf8wczhd0007ck2e3h1rnzi6', 'cmf8wczh40005ck2enc8fe2ia', 'cmf8wczgw0003ck2ee4pspute', 'owner', '[]', '2025-09-06T23:30:28.128Z', '2025-09-06T23:30:28.128Z');
INSERT INTO "brand_users" ("id", "brandId", "userId", "role", "permissions", "invitedAt", "acceptedAt") VALUES ('cmfb4v2et0005zl8n8cr9aiy0', 'cmfb4v2en0003zl8n346klzlu', 'cmfb4v2ec0001zl8npyncsuls', 'owner', '[]', '2025-09-08T13:04:01.014Z', '2025-09-08T13:04:01.013Z');


-- Table: wallets
DELETE FROM "wallets";
INSERT INTO "wallets" ("id", "brandId", "name", "balance", "type", "currency", "color", "createdBy", "createdAt", "updatedAt") VALUES ('cmf9m32xv00015n4xykfga81x', 'cmf8wczh40005ck2enc8fe2ia', 'Bussiness Wallet', 80000, 'BUSINESS', 'EGP', 'bg-gradient-to-br from-gray-500 to-gray-600', 'cmf8wczgw0003ck2ee4pspute', '2025-09-07T11:30:36.067Z', '2025-09-07T11:30:36.067Z');
INSERT INTO "wallets" ("id", "brandId", "name", "balance", "type", "currency", "color", "createdBy", "createdAt", "updatedAt") VALUES ('cmfk5j5yh00057bgqzeks18f9', 'cmfb4v2en0003zl8n346klzlu', 'AAA', 8687, 'CUSTOM', 'EGP', 'bg-gradient-to-br from-blue-500 to-blue-600', 'cmfb4v2ec0001zl8npyncsuls', '2025-09-14T20:32:40.934Z', '2025-09-14T20:32:40.934Z');


-- Table: inventory
DELETE FROM "inventory";
INSERT INTO "inventory" ("id", "brandId", "productName", "category", "status", "description", "createdBy", "createdAt", "updatedAt", "baseSku", "colors", "currentStock", "location", "reorderLevel", "sellingPrice", "sizes", "supplier", "unitCost") VALUES ('cmfk5uhyq000j7bgqgzb9vo6a', 'cmfb4v2en0003zl8n346klzlu', 'Sample Product 1', 'Electronics', 'in-stock', 'Sample product description', 'cmfb4v2ec0001zl8npyncsuls', '2025-09-14T20:41:29.709Z', '2025-09-14T20:41:29.709Z', 'SKU-001', '["Red","Blue","Green"]', 100, 'Warehouse A', 0, 299.99, '["S","M","L","XL"]', 'Tech Supplier', 199.99);
INSERT INTO "inventory" ("id", "brandId", "productName", "category", "status", "description", "createdBy", "createdAt", "updatedAt", "baseSku", "colors", "currentStock", "location", "reorderLevel", "sellingPrice", "sizes", "supplier", "unitCost") VALUES ('cmfh6zpbk000va8unoz1i1b4e', 'cmfb4v2en0003zl8n346klzlu', 'Imported from Shopify - BO-1482084', 'Imported from Shopify', 'in-stock', 'Imported from Shopify - jacket', 'cmfb4v2ec0001zl8npyncsuls', '2025-09-12T18:50:13.616Z', '2025-09-12T18:50:13.616Z', 'BO-1482084', '[]', 0, 'Imported', 10, 850, '[]', 'Shopify Import', 1200);
INSERT INTO "inventory" ("id", "brandId", "productName", "category", "status", "description", "createdBy", "createdAt", "updatedAt", "baseSku", "colors", "currentStock", "location", "reorderLevel", "sellingPrice", "sizes", "supplier", "unitCost") VALUES ('cmfh6zpbv000xa8un28izkjgu', 'cmfb4v2en0003zl8n346klzlu', 'Light Blue denim (New Item)', 'Imported from Shopify', 'in-stock', 'Crafted from premium cotton denim in a striking light blue hue. The denim has been carefully washed to achieve a soft, worn-in texture while maintaining a Baggy structured feel. Durable yet comfortable ,making it a must-have for denim lovers.', 'cmfb4v2ec0001zl8npyncsuls', '2025-09-12T18:50:13.627Z', '2025-09-12T18:50:13.627Z', 'BO-1747465', '[]', 0, 'Imported', 10, 1150, '["32"]', 'blankk', 1150);
INSERT INTO "inventory" ("id", "brandId", "productName", "category", "status", "description", "createdBy", "createdAt", "updatedAt", "baseSku", "colors", "currentStock", "location", "reorderLevel", "sellingPrice", "sizes", "supplier", "unitCost") VALUES ('cmfh6zpc6000za8unkgilacp1', 'cmfb4v2en0003zl8n346klzlu', 'Imported from Shopify - BO-1747464', 'Imported from Shopify', 'in-stock', 'Imported from Shopify - light-blue-denim', 'cmfb4v2ec0001zl8npyncsuls', '2025-09-12T18:50:13.639Z', '2025-09-12T18:50:13.639Z', 'BO-1747464', '[]', 0, 'Imported', 10, 1150, '[]', 'Shopify Import', 1150);
INSERT INTO "inventory" ("id", "brandId", "productName", "category", "status", "description", "createdBy", "createdAt", "updatedAt", "baseSku", "colors", "currentStock", "location", "reorderLevel", "sellingPrice", "sizes", "supplier", "unitCost") VALUES ('cmfh6zpck0011a8unx64tos7k', 'cmfb4v2en0003zl8n346klzlu', 'Imported from Shopify - BO-1747463', 'Imported from Shopify', 'in-stock', 'Imported from Shopify - light-blue-denim', 'cmfb4v2ec0001zl8npyncsuls', '2025-09-12T18:50:13.652Z', '2025-09-12T18:50:13.652Z', 'BO-1747463', '[]', 0, 'Imported', 10, 1150, '[]', 'Shopify Import', 1150);
INSERT INTO "inventory" ("id", "brandId", "productName", "category", "status", "description", "createdBy", "createdAt", "updatedAt", "baseSku", "colors", "currentStock", "location", "reorderLevel", "sellingPrice", "sizes", "supplier", "unitCost") VALUES ('cmfh6zpct0013a8un7c33h9m3', 'cmfb4v2en0003zl8n346klzlu', 'Imported from Shopify - BO-1747466', 'Imported from Shopify', 'in-stock', 'Imported from Shopify - light-blue-denim', 'cmfb4v2ec0001zl8npyncsuls', '2025-09-12T18:50:13.661Z', '2025-09-12T18:50:13.661Z', 'BO-1747466', '[]', 0, 'Imported', 10, 1150, '[]', 'Shopify Import', 1150);
INSERT INTO "inventory" ("id", "brandId", "productName", "category", "status", "description", "createdBy", "createdAt", "updatedAt", "baseSku", "colors", "currentStock", "location", "reorderLevel", "sellingPrice", "sizes", "supplier", "unitCost") VALUES ('cmfh6zpd30015a8un7f4gnntm', 'cmfb4v2en0003zl8n346klzlu', 'Light grey Jacket-Cropped fit', 'Imported from Shopify', 'in-stock', 'Imported from Shopify - light-grey-jacket-cropped-fit', 'cmfb4v2ec0001zl8npyncsuls', '2025-09-12T18:50:13.672Z', '2025-09-12T18:50:13.672Z', 'BO-1482086', '[]', 0, 'Imported', 10, 850, '["m"]', 'blankk', 1200);
INSERT INTO "inventory" ("id", "brandId", "productName", "category", "status", "description", "createdBy", "createdAt", "updatedAt", "baseSku", "colors", "currentStock", "location", "reorderLevel", "sellingPrice", "sizes", "supplier", "unitCost") VALUES ('cmfh6zpdf0017a8ungam8w386', 'cmfb4v2en0003zl8n346klzlu', 'Imported from Shopify - BO-1482087', 'Imported from Shopify', 'in-stock', 'Imported from Shopify - light-grey-jacket-cropped-fit', 'cmfb4v2ec0001zl8npyncsuls', '2025-09-12T18:50:13.683Z', '2025-09-12T18:50:13.683Z', 'BO-1482087', '[]', 0, 'Imported', 10, 850, '[]', 'Shopify Import', 1200);
INSERT INTO "inventory" ("id", "brandId", "productName", "category", "status", "description", "createdBy", "createdAt", "updatedAt", "baseSku", "colors", "currentStock", "location", "reorderLevel", "sellingPrice", "sizes", "supplier", "unitCost") VALUES ('cmfk5uhyr000l7bgq2l028qg7', 'cmfb4v2en0003zl8n346klzlu', 'Sample Product 2', 'Clothing', 'in-stock', 'Another sample product', 'cmfb4v2ec0001zl8npyncsuls', '2025-09-14T20:41:29.709Z', '2025-09-14T20:41:29.709Z', 'SKU-002', '["Black","White"]', 50, 'Warehouse B', 0, 49.99, '["XS","S","M","L"]', 'Fashion Supplier', 29.99);


-- Table: revenues
DELETE FROM "revenues";
INSERT INTO "revenues" ("id", "brandId", "name", "amount", "category", "date", "source", "receiptUrl", "createdBy", "createdAt", "updatedAt", "bostaImportId", "bostaShipmentId") VALUES ('cmfbgej2j00078ahk51g6kkhf', 'cmfb4v2en0003zl8n346klzlu', 'Test Rev', 2003, 'biils', '2025-09-08T00:00:00.000Z', 'Ecomm', '', 'cmfb4v2ec0001zl8npyncsuls', '2025-09-08T18:27:04.843Z', '2025-09-08T18:27:04.843Z', NULL, NULL);
INSERT INTO "revenues" ("id", "brandId", "name", "amount", "category", "date", "source", "receiptUrl", "createdBy", "createdAt", "updatedAt", "bostaImportId", "bostaShipmentId") VALUES ('cmfilg6d8005jbflp87talbqg', 'cmfb4v2en0003zl8n346klzlu', 'Bosta Delivery - 15439497', 1210, 'Delivery', '2025-09-06T09:45:40.000Z', 'Bosta Import', NULL, 'cmfb4v2ec0001zl8npyncsuls', '2025-09-13T18:22:43.004Z', '2025-09-13T18:22:43.004Z', 'cmfilg6bp002obflp251q0tkx', 'cmfilg6by002ybflpkr7hoc5u');
INSERT INTO "revenues" ("id", "brandId", "name", "amount", "category", "date", "source", "receiptUrl", "createdBy", "createdAt", "updatedAt", "bostaImportId", "bostaShipmentId") VALUES ('cmfilg6d8005lbflp5d8gnq7r', 'cmfb4v2en0003zl8n346klzlu', 'Bosta Delivery - 15825644', 1210, 'Delivery', '2025-09-06T13:22:33.000Z', 'Bosta Import', NULL, 'cmfb4v2ec0001zl8npyncsuls', '2025-09-13T18:22:43.004Z', '2025-09-13T18:22:43.004Z', 'cmfilg6bp002obflp251q0tkx', 'cmfilg6by0030bflp16s10r2w');
INSERT INTO "revenues" ("id", "brandId", "name", "amount", "category", "date", "source", "receiptUrl", "createdBy", "createdAt", "updatedAt", "bostaImportId", "bostaShipmentId") VALUES ('cmfilg6d8005nbflpps2zva4i', 'cmfb4v2en0003zl8n346klzlu', 'Bosta Delivery - 35756392', 660, 'Delivery', '2025-09-04T14:09:08.000Z', 'Bosta Import', NULL, 'cmfb4v2ec0001zl8npyncsuls', '2025-09-13T18:22:43.004Z', '2025-09-13T18:22:43.004Z', 'cmfilg6bp002obflp251q0tkx', 'cmfilg6bz003kbflp4arxo2db');
INSERT INTO "revenues" ("id", "brandId", "name", "amount", "category", "date", "source", "receiptUrl", "createdBy", "createdAt", "updatedAt", "bostaImportId", "bostaShipmentId") VALUES ('cmfilg6d8005pbflp8liyys92', 'cmfb4v2en0003zl8n346klzlu', 'Bosta Delivery - 41880898', 660, 'Delivery', '2025-09-02T12:46:16.000Z', 'Bosta Import', NULL, 'cmfb4v2ec0001zl8npyncsuls', '2025-09-13T18:22:43.004Z', '2025-09-13T18:22:43.004Z', 'cmfilg6bp002obflp251q0tkx', 'cmfilg6c0003ubflpypp9xkrg');
INSERT INTO "revenues" ("id", "brandId", "name", "amount", "category", "date", "source", "receiptUrl", "createdBy", "createdAt", "updatedAt", "bostaImportId", "bostaShipmentId") VALUES ('cmfilg6d8005rbflpdydsixu8', 'cmfb4v2en0003zl8n346klzlu', 'Bosta Delivery - 43411209', 660, 'Delivery', '2025-08-30T11:26:05.000Z', 'Bosta Import', NULL, 'cmfb4v2ec0001zl8npyncsuls', '2025-09-13T18:22:43.004Z', '2025-09-13T18:22:43.004Z', 'cmfilg6bp002obflp251q0tkx', 'cmfilg6c0003ybflp5fkwmxem');
INSERT INTO "revenues" ("id", "brandId", "name", "amount", "category", "date", "source", "receiptUrl", "createdBy", "createdAt", "updatedAt", "bostaImportId", "bostaShipmentId") VALUES ('cmfilg6d8005tbflp0x43ft44', 'cmfb4v2en0003zl8n346klzlu', 'Bosta Delivery - 48050215', 660, 'Delivery', '2025-09-06T12:45:35.000Z', 'Bosta Import', NULL, 'cmfb4v2ec0001zl8npyncsuls', '2025-09-13T18:22:43.004Z', '2025-09-13T18:22:43.004Z', 'cmfilg6bp002obflp251q0tkx', 'cmfilg6c00042bflpdyab04ud');
INSERT INTO "revenues" ("id", "brandId", "name", "amount", "category", "date", "source", "receiptUrl", "createdBy", "createdAt", "updatedAt", "bostaImportId", "bostaShipmentId") VALUES ('cmfilg6d8005vbflp2v59mzoz', 'cmfb4v2en0003zl8n346klzlu', 'Bosta Delivery - 70880418', 1210, 'Delivery', '2025-09-09T15:02:44.000Z', 'Bosta Import', NULL, 'cmfb4v2ec0001zl8npyncsuls', '2025-09-13T18:22:43.004Z', '2025-09-13T18:22:43.004Z', 'cmfilg6bp002obflp251q0tkx', 'cmfilg6c3004wbflp6eptjmd3');
INSERT INTO "revenues" ("id", "brandId", "name", "amount", "category", "date", "source", "receiptUrl", "createdBy", "createdAt", "updatedAt", "bostaImportId", "bostaShipmentId") VALUES ('cmfilg6d8005xbflp1nyme0po', 'cmfb4v2en0003zl8n346klzlu', 'Bosta Delivery - 8631410', 660, 'Delivery', '2025-09-03T10:45:35.000Z', 'Bosta Import', NULL, 'cmfb4v2ec0001zl8npyncsuls', '2025-09-13T18:22:43.004Z', '2025-09-13T18:22:43.004Z', 'cmfilg6bp002obflp251q0tkx', 'cmfilg6c4005cbflpyb9v98bs');
INSERT INTO "revenues" ("id", "brandId", "name", "amount", "category", "date", "source", "receiptUrl", "createdBy", "createdAt", "updatedAt", "bostaImportId", "bostaShipmentId") VALUES ('cmfjeuxny0003culian86henc', 'cmfb4v2en0003zl8n346klzlu', 'Order MO-140497 - Zeyad Emad', 388.87, 'Sales', '2025-09-14T08:06:00.415Z', 'Manual Order', NULL, 'cmfb4v2ec0001zl8npyncsuls', '2025-09-14T08:06:00.430Z', '2025-09-14T08:06:00.430Z', NULL, NULL);
INSERT INTO "revenues" ("id", "brandId", "name", "amount", "category", "date", "source", "receiptUrl", "createdBy", "createdAt", "updatedAt", "bostaImportId", "bostaShipmentId") VALUES ('cmfjs65f50002ki14rqrubwsi', 'cmfb4v2en0003zl8n346klzlu', 'Receivable: Rec 1', 1222, 'Receivables', '2025-09-14T00:00:00.000Z', 'Auto-converted Receivable', NULL, 'cmfb4v2ec0001zl8npyncsuls', '2025-09-14T14:18:38.705Z', '2025-09-14T14:18:38.705Z', NULL, NULL);
INSERT INTO "revenues" ("id", "brandId", "name", "amount", "category", "date", "source", "receiptUrl", "createdBy", "createdAt", "updatedAt", "bostaImportId", "bostaShipmentId") VALUES ('cmfjuihfa00017bgqgpxblp4u', 'cmfb4v2en0003zl8n346klzlu', 'rec', 1212, 'biils', '2025-09-14T00:00:00.000Z', 'asasas', '', 'cmfb4v2ec0001zl8npyncsuls', '2025-09-14T15:24:13.365Z', '2025-09-14T15:24:13.365Z', NULL, NULL);


-- Table: transfers
DELETE FROM "transfers";
INSERT INTO "transfers" ("id", "brandId", "type", "fromLocation", "toLocation", "quantity", "description", "transferDate", "createdBy", "createdAt", "updatedAt", "deductFromStock", "inventoryItemId") VALUES ('cmfjetj920006gn9psaosdfsp', 'cmfb4v2en0003zl8n346klzlu', 'inventory', 'a', 'b', 99, 'aaa', '2025-09-14T00:00:00.000Z', 'cmfb4v2ec0001zl8npyncsuls', '2025-09-14T08:04:55.095Z', '2025-09-14T08:04:55.095Z', true, 'cmfir320a0005fuo8g4agyyvw');


-- Table: receivables
DELETE FROM "receivables";
INSERT INTO "receivables" ("id", "brandId", "entityName", "amount", "dueDate", "status", "description", "invoiceNumber", "receiptUrl", "createdBy", "createdAt", "updatedAt", "autoConvertToRevenue") VALUES ('cmfjerk0w0001gn9pdb2gf9i3', 'cmfb4v2en0003zl8n346klzlu', 'Rec 1', 1222, '2025-09-14T00:00:00.000Z', 'converted', 'asas', '1212', '', 'cmfb4v2ec0001zl8npyncsuls', '2025-09-14T08:03:22.783Z', '2025-09-14T14:18:38.712Z', true);


-- Table: admins
DELETE FROM "admins";
INSERT INTO "admins" ("id", "email", "passwordHash", "firstName", "lastName", "role", "permissions", "isActive", "lastLoginAt", "loginAttempts", "lockedUntil", "ipWhitelist", "createdAt", "updatedAt") VALUES ('cmf8k5a9q0000qwshuraovgh5', 'admin@admin.com', '$2b$12$TLM1mMpJ.K6oPgRi6.B1W.NuIMO6N5HSeNFw4jYp3D1lMi818bLw6', 'Admin', 'User', 'super_admin', '["users.read","users.write","users.delete","brands.read","brands.write","brands.delete","subscriptions.read","subscriptions.write","subscriptions.delete","analytics.read","system.read","system.write","security.read","security.write","security.delete","tickets.read","tickets.write","tickets.delete"]', true, '2025-09-14T08:14:12.384Z', 0, NULL, '[]', '2025-09-06T17:48:33.471Z', '2025-09-14T08:14:12.385Z');


-- Table: admin_sessions
DELETE FROM "admin_sessions";
INSERT INTO "admin_sessions" ("id", "adminId", "token", "ipAddress", "userAgent", "expiresAt", "createdAt") VALUES ('cmf8krs0w0001u04spleazmbq', 'cmf8k5a9q0000qwshuraovgh5', 'eyJhbGciOiJIUzI1NiIsInR5cCI6IkpXVCJ9.eyJhZG1pbklkIjoiY21mOGs1YTlxMDAwMHF3c2h1cmFvdmdoNSIsImlhdCI6MTc1NzE4MTk2MiwiZXhwIjoxNzU3MjEwNzYyfQ.RAKhnU3HE4C0BMncajDE7ee7ylFhmCRCZVPaIrLHQlg', 'test', 'test', '2025-09-07T02:06:02.911Z', '2025-09-06T18:06:02.912Z');
INSERT INTO "admin_sessions" ("id", "adminId", "token", "ipAddress", "userAgent", "expiresAt", "createdAt") VALUES ('cmf8kvoi80005u04s3i3xgo3n', 'cmf8k5a9q0000qwshuraovgh5', 'eyJhbGciOiJIUzI1NiIsInR5cCI6IkpXVCJ9.eyJhZG1pbklkIjoiY21mOGs1YTlxMDAwMHF3c2h1cmFvdmdoNSIsImlhdCI6MTc1NzE4MjE0NCwiZXhwIjoxNzU3MjEwOTQ0fQ.M4SCx7pFaNx-6BEclC1D8D7UjfbBEOU0DNK2lagJ-zI', 'test', 'test', '2025-09-07T02:09:04.975Z', '2025-09-06T18:09:04.976Z');
INSERT INTO "admin_sessions" ("id", "adminId", "token", "ipAddress", "userAgent", "expiresAt", "createdAt") VALUES ('cmf8lifcb0001civsc0p5mx7n', 'cmf8k5a9q0000qwshuraovgh5', 'eyJhbGciOiJIUzI1NiIsInR5cCI6IkpXVCJ9.eyJhZG1pbklkIjoiY21mOGs1YTlxMDAwMHF3c2h1cmFvdmdoNSIsImlhdCI6MTc1NzE4MzIwNiwiZXhwIjoxNzU3MjEyMDA2fQ.sKNHNJX2rf8bqWigx_XX4yKwuHsCedOLIk6yFwZLvyM', 'unknown', 'Mozilla/5.0 (Macintosh; Intel Mac OS X 10_15_7) AppleWebKit/537.36 (KHTML, like Gecko) Chrome/139.0.0.0 Safari/537.36', '2025-09-07T02:26:46.186Z', '2025-09-06T18:26:46.187Z');
INSERT INTO "admin_sessions" ("id", "adminId", "token", "ipAddress", "userAgent", "expiresAt", "createdAt") VALUES ('cmf8lik9t0005civsxq5ow4bs', 'cmf8k5a9q0000qwshuraovgh5', 'eyJhbGciOiJIUzI1NiIsInR5cCI6IkpXVCJ9.eyJhZG1pbklkIjoiY21mOGs1YTlxMDAwMHF3c2h1cmFvdmdoNSIsImlhdCI6MTc1NzE4MzIxMiwiZXhwIjoxNzU3MjEyMDEyfQ.1FJZUq0bJ2rIaOWY8Il1h71sLPN6jGabx8L6savRDTY', 'unknown', 'Mozilla/5.0 (Macintosh; Intel Mac OS X 10_15_7) AppleWebKit/537.36 (KHTML, like Gecko) Chrome/139.0.0.0 Safari/537.36', '2025-09-07T02:26:52.577Z', '2025-09-06T18:26:52.577Z');
INSERT INTO "admin_sessions" ("id", "adminId", "token", "ipAddress", "userAgent", "expiresAt", "createdAt") VALUES ('cmf8lmv3i0009civsywcp1tb9', 'cmf8k5a9q0000qwshuraovgh5', 'eyJhbGciOiJIUzI1NiIsInR5cCI6IkpXVCJ9.eyJhZG1pbklkIjoiY21mOGs1YTlxMDAwMHF3c2h1cmFvdmdoNSIsImlhdCI6MTc1NzE4MzQxMywiZXhwIjoxNzU3MjEyMjEzfQ.R-v-J7dH939O1U4SV91u82w3cC-RoITsOwQCtXB9LWQ', 'unknown', 'Mozilla/5.0 (Macintosh; Intel Mac OS X 10_15_7) AppleWebKit/537.36 (KHTML, like Gecko) Chrome/139.0.0.0 Safari/537.36', '2025-09-07T02:30:13.230Z', '2025-09-06T18:30:13.230Z');
INSERT INTO "admin_sessions" ("id", "adminId", "token", "ipAddress", "userAgent", "expiresAt", "createdAt") VALUES ('cmf8lnd7q000dcivs9s948dfr', 'cmf8k5a9q0000qwshuraovgh5', 'eyJhbGciOiJIUzI1NiIsInR5cCI6IkpXVCJ9.eyJhZG1pbklkIjoiY21mOGs1YTlxMDAwMHF3c2h1cmFvdmdoNSIsImlhdCI6MTc1NzE4MzQzNiwiZXhwIjoxNzU3MjEyMjM2fQ.zwt8R_K08m90v8KM2jNE7biSEGJhE97akeitCGMiF00', '127.0.0.1', 'test', '2025-09-07T02:30:36.710Z', '2025-09-06T18:30:36.710Z');
INSERT INTO "admin_sessions" ("id", "adminId", "token", "ipAddress", "userAgent", "expiresAt", "createdAt") VALUES ('cmf8lt6xj00011fesdzucy4kv', 'cmf8k5a9q0000qwshuraovgh5', 'eyJhbGciOiJIUzI1NiIsInR5cCI6IkpXVCJ9.eyJhZG1pbklkIjoiY21mOGs1YTlxMDAwMHF3c2h1cmFvdmdoNSIsImlhdCI6MTc1NzE4MzcwOCwiZXhwIjoxNzU3MjEyNTA4fQ.elNlOGdTdSwGckY1FdfdZUuaN2KmflJKGiVc0ucJfzg', '127.0.0.1', 'test', '2025-09-07T02:35:08.502Z', '2025-09-06T18:35:08.503Z');
INSERT INTO "admin_sessions" ("id", "adminId", "token", "ipAddress", "userAgent", "expiresAt", "createdAt") VALUES ('cmf8lte0p00031fesjyih3pmz', 'cmf8k5a9q0000qwshuraovgh5', 'eyJhbGciOiJIUzI1NiIsInR5cCI6IkpXVCJ9.eyJhZG1pbklkIjoiY21mOGs1YTlxMDAwMHF3c2h1cmFvdmdoNSIsImlhdCI6MTc1NzE4MzcxNywiZXhwIjoxNzU3MjEyNTE3fQ._rgDidJnVtvxnLq60v4wO71lI7HbZ5wUyIWjJ1Zqs2c', 'unknown', 'Mozilla/5.0 (Macintosh; Intel Mac OS X 10_15_7) AppleWebKit/537.36 (KHTML, like Gecko) Chrome/139.0.0.0 Safari/537.36', '2025-09-07T02:35:17.689Z', '2025-09-06T18:35:17.690Z');
INSERT INTO "admin_sessions" ("id", "adminId", "token", "ipAddress", "userAgent", "expiresAt", "createdAt") VALUES ('cmf8m0nyd0001chwoleza0hiy', 'cmf8k5a9q0000qwshuraovgh5', 'eyJhbGciOiJIUzI1NiIsInR5cCI6IkpXVCJ9.eyJhZG1pbklkIjoiY21mOGs1YTlxMDAwMHF3c2h1cmFvdmdoNSIsImlhdCI6MTc1NzE4NDA1NywiZXhwIjoxNzU3MjEyODU3fQ.ZTJPrA0y4_E1bx9Q-VTb1jeRnHJMlf9LoUDcnUVRaNI', '127.0.0.1', 'test', '2025-09-07T02:40:57.157Z', '2025-09-06T18:40:57.158Z');
INSERT INTO "admin_sessions" ("id", "adminId", "token", "ipAddress", "userAgent", "expiresAt", "createdAt") VALUES ('cmf8m0ym10003chwoq3r5ny0z', 'cmf8k5a9q0000qwshuraovgh5', 'eyJhbGciOiJIUzI1NiIsInR5cCI6IkpXVCJ9.eyJhZG1pbklkIjoiY21mOGs1YTlxMDAwMHF3c2h1cmFvdmdoNSIsImlhdCI6MTc1NzE4NDA3MCwiZXhwIjoxNzU3MjEyODcwfQ.UDyOBcuYdSCXFVYtpj9oPFjg5aXeLCKgX0jhcSJiJa4', '127.0.0.1', 'test', '2025-09-07T02:41:10.968Z', '2025-09-06T18:41:10.969Z');
INSERT INTO "admin_sessions" ("id", "adminId", "token", "ipAddress", "userAgent", "expiresAt", "createdAt") VALUES ('cmf8m44ge0001fhcosa9illow', 'cmf8k5a9q0000qwshuraovgh5', 'eyJhbGciOiJIUzI1NiIsInR5cCI6IkpXVCJ9.eyJhZG1pbklkIjoiY21mOGs1YTlxMDAwMHF3c2h1cmFvdmdoNSIsImlhdCI6MTc1NzE4NDIxOCwiZXhwIjoxNzU3MjEzMDE4fQ.BhRq2wJ0_100VVBBgxBUuPfLaj4okKijotw5WvHWdA4', 'unknown', 'Mozilla/5.0 (Macintosh; Intel Mac OS X 10_15_7) AppleWebKit/537.36 (KHTML, like Gecko) Chrome/139.0.0.0 Safari/537.36', '2025-09-07T02:43:38.510Z', '2025-09-06T18:43:38.510Z');
INSERT INTO "admin_sessions" ("id", "adminId", "token", "ipAddress", "userAgent", "expiresAt", "createdAt") VALUES ('cmf8vty3f0003m02cd9law7cv', 'cmf8k5a9q0000qwshuraovgh5', 'eyJhbGciOiJIUzI1NiIsInR5cCI6IkpXVCJ9.eyJhZG1pbklkIjoiY21mOGs1YTlxMDAwMHF3c2h1cmFvdmdoNSIsImlhdCI6MTc1NzIwMDUzOSwiZXhwIjoxNzU3MjI5MzM5fQ.tXtZDUiUvGPR24zm6O1TrJjGMD9tHPMkM1A9E71huUE', '::ffff:127.0.0.1', 'curl/8.1.2', '2025-09-07T07:15:39.866Z', '2025-09-06T23:15:39.867Z');
INSERT INTO "admin_sessions" ("id", "adminId", "token", "ipAddress", "userAgent", "expiresAt", "createdAt") VALUES ('cmf8vx55u0005m02c1hxkz0km', 'cmf8k5a9q0000qwshuraovgh5', 'eyJhbGciOiJIUzI1NiIsInR5cCI6IkpXVCJ9.eyJhZG1pbklkIjoiY21mOGs1YTlxMDAwMHF3c2h1cmFvdmdoNSIsImlhdCI6MTc1NzIwMDY4OCwiZXhwIjoxNzU3MjI5NDg4fQ.U4PI3VUQubwodx1TVzvvqF4qOEzF7gnWWXx2wJbTG7A', '::ffff:127.0.0.1', 'curl/8.1.2', '2025-09-07T07:18:08.993Z', '2025-09-06T23:18:08.994Z');
INSERT INTO "admin_sessions" ("id", "adminId", "token", "ipAddress", "userAgent", "expiresAt", "createdAt") VALUES ('cmf8xps7i000310evxn8o684f', 'cmf8k5a9q0000qwshuraovgh5', 'eyJhbGciOiJIUzI1NiIsInR5cCI6IkpXVCJ9.eyJhZG1pbklkIjoiY21mOGs1YTlxMDAwMHF3c2h1cmFvdmdoNSIsImlhdCI6MTc1NzIwMzcwNCwiZXhwIjoxNzU3MjMyNTA0fQ.wlmmC6L8TgTLqiumJUbaQtbhfnz2MILlTg5u41WiJ9U', 'unknown', 'Mozilla/5.0 (Macintosh; Intel Mac OS X 10_15_7) AppleWebKit/537.36 (KHTML, like Gecko) Chrome/139.0.0.0 Safari/537.36', '2025-09-07T08:08:24.845Z', '2025-09-07T00:08:24.846Z');
INSERT INTO "admin_sessions" ("id", "adminId", "token", "ipAddress", "userAgent", "expiresAt", "createdAt") VALUES ('cmf8xtgb1000510evmf3uw74y', 'cmf8k5a9q0000qwshuraovgh5', 'eyJhbGciOiJIUzI1NiIsInR5cCI6IkpXVCJ9.eyJhZG1pbklkIjoiY21mOGs1YTlxMDAwMHF3c2h1cmFvdmdoNSIsImlhdCI6MTc1NzIwMzg3NiwiZXhwIjoxNzU3MjMyNjc2fQ.av_y24bxZYVSPeiyyrkR5SqcRUwEIU4Fdw3yxTwtPww', '::ffff:127.0.0.1', 'curl/8.1.2', '2025-09-07T08:11:16.044Z', '2025-09-07T00:11:16.046Z');
INSERT INTO "admin_sessions" ("id", "adminId", "token", "ipAddress", "userAgent", "expiresAt", "createdAt") VALUES ('cmf9kwtg20001b33q8lfmdawq', 'cmf8k5a9q0000qwshuraovgh5', 'eyJhbGciOiJIUzI1NiIsInR5cCI6IkpXVCJ9.eyJhZG1pbklkIjoiY21mOGs1YTlxMDAwMHF3c2h1cmFvdmdoNSIsImlhdCI6MTc1NzI0MjY2NCwiZXhwIjoxNzU3MjcxNDY0fQ.-pvSE_TbT2XjTIvwEon0K9ao9tzl2pFeK8PXF1EIjg0', 'unknown', 'Mozilla/5.0 (Macintosh; Intel Mac OS X 10_15_7) AppleWebKit/537.36 (KHTML, like Gecko) Chrome/139.0.0.0 Safari/537.36', '2025-09-07T18:57:44.209Z', '2025-09-07T10:57:44.210Z');
INSERT INTO "admin_sessions" ("id", "adminId", "token", "ipAddress", "userAgent", "expiresAt", "createdAt") VALUES ('cmfb6afed0003ffv68d1b0w8e', 'cmf8k5a9q0000qwshuraovgh5', 'eyJhbGciOiJIUzI1NiIsInR5cCI6IkpXVCJ9.eyJhZG1pbklkIjoiY21mOGs1YTlxMDAwMHF3c2h1cmFvdmdoNSIsImlhdCI6MTc1NzMzOTAzNywiZXhwIjoxNzU3MzY3ODM3fQ.tuNELeLodgkPPzTuX9t_PQ5aI2EyKmg3CB09m6i1SAI', 'unknown', 'Mozilla/5.0 (Macintosh; Intel Mac OS X 10_15_7) AppleWebKit/537.36 (KHTML, like Gecko) Chrome/139.0.0.0 Safari/537.36', '2025-09-08T21:43:57.300Z', '2025-09-08T13:43:57.301Z');
INSERT INTO "admin_sessions" ("id", "adminId", "token", "ipAddress", "userAgent", "expiresAt", "createdAt") VALUES ('cmfiokg6p0009r9g1zzfbu6un', 'cmf8k5a9q0000qwshuraovgh5', 'eyJhbGciOiJIUzI1NiIsInR5cCI6IkpXVCJ9.eyJhZG1pbklkIjoiY21mOGs1YTlxMDAwMHF3c2h1cmFvdmdoNSIsImlhdCI6MTc1Nzc5MzAwMSwiZXhwIjoxNzU3ODIxODAxfQ.ma6kF8cWO7yirSdoYnq2-8Ocaaz2IjkK2mtdNWEUdwQ', 'unknown', 'Mozilla/5.0 (Macintosh; Intel Mac OS X 10_15_7) AppleWebKit/537.36 (KHTML, like Gecko) Chrome/139.0.0.0 Safari/537.36', '2025-09-14T03:50:01.200Z', '2025-09-13T19:50:01.201Z');
INSERT INTO "admin_sessions" ("id", "adminId", "token", "ipAddress", "userAgent", "expiresAt", "createdAt") VALUES ('cmfjf0nsg0009culispkaug5v', 'cmf8k5a9q0000qwshuraovgh5', 'eyJhbGciOiJIUzI1NiIsInR5cCI6IkpXVCJ9.eyJhZG1pbklkIjoiY21mOGs1YTlxMDAwMHF3c2h1cmFvdmdoNSIsImlhdCI6MTc1NzgzNzQyNywiZXhwIjoxNzU3ODY2MjI3fQ.BbzkZUSuepZaE4ssSceGhokk0HLblJLhjHRFFN_grlM', 'unknown', 'Mozilla/5.0 (Macintosh; Intel Mac OS X 10_15_7) AppleWebKit/537.36 (KHTML, like Gecko) Chrome/139.0.0.0 Safari/537.36', '2025-09-14T16:10:27.567Z', '2025-09-14T08:10:27.568Z');
INSERT INTO "admin_sessions" ("id", "adminId", "token", "ipAddress", "userAgent", "expiresAt", "createdAt") VALUES ('cmfjf5h9j000510uv9l6jxxmr', 'cmf8k5a9q0000qwshuraovgh5', 'eyJhbGciOiJIUzI1NiIsInR5cCI6IkpXVCJ9.eyJhZG1pbklkIjoiY21mOGs1YTlxMDAwMHF3c2h1cmFvdmdoNSIsImlhdCI6MTc1NzgzNzY1MiwiZXhwIjoxNzU3ODY2NDUyfQ.l341YmCjbcKM-Onley7sxbAnQqpXg24rnav4dVmCrhU', 'unknown', 'Mozilla/5.0 (Macintosh; Intel Mac OS X 10_15_7) AppleWebKit/537.36 (KHTML, like Gecko) Chrome/139.0.0.0 Safari/537.36', '2025-09-14T16:14:12.390Z', '2025-09-14T08:14:12.391Z');


-- Table: system_metrics
DELETE FROM "system_metrics";
INSERT INTO "system_metrics" ("id", "date", "totalUsers", "totalBrands", "activeSubscriptions", "totalRevenue", "totalCosts", "apiCalls", "errorCount", "createdAt") VALUES ('cmf8k5a9z0001qwsheua9n0to', '2025-09-06T17:48:33.480Z', 0, 0, 0, 0, 0, 0, 0, '2025-09-06T17:48:33.480Z');
INSERT INTO "system_metrics" ("id", "date", "totalUsers", "totalBrands", "activeSubscriptions", "totalRevenue", "totalCosts", "apiCalls", "errorCount", "createdAt") VALUES ('cmf8khtap0001140iwxklqw0w', '2025-09-06T17:58:18.001Z', 0, 0, 0, 0, 0, 0, 0, '2025-09-06T17:58:18.001Z');


-- Table: bosta_imports
DELETE FROM "bosta_imports";
INSERT INTO "bosta_imports" ("id", "brandId", "fileName", "totalOrders", "expectedCash", "delivered", "returned", "returnRate", "deliveryRate", "processedAt", "createdAt", "updatedAt") VALUES ('cmfilg6bp002obflp251q0tkx', 'cmfb4v2en0003zl8n346klzlu', 'Bosta Import', 50, 8140, 9, 12, 57.14285714285714, 42.85714285714285, '2025-09-13T18:22:42.948Z', '2025-09-13T18:22:42.949Z', '2025-09-13T18:22:42.949Z');


-- Table: bosta_shipments
DELETE FROM "bosta_shipments";
INSERT INTO "bosta_shipments" ("id", "trackingNumber", "codAmount", "businessReference", "deliveredAt", "createdAt", "updatedAt", "bostaImportId", "consigneeName", "consigneePhone", "deliveryState", "description", "dropOffCity", "dropOffFirstLine", "expectedDeliveryDate", "isDelivered", "isReturned", "numberOfAttempts", "originalCreatedAt", "originalUpdatedAt", "revenueCreated", "sku", "type") VALUES ('cmfilg6bx002qbflp8cz0pq45', '10031767', 1760, '566a06-f6:#3482', NULL, '2025-09-13T18:22:42.958Z', '2025-09-13T18:22:42.958Z', 'cmfilg6bp002obflp251q0tkx', 'Abdelrhman tamer', '+201070328901', 'created', 'Products:
 title: Black Jacket-Cropped Fit - L - quantity: 1 - sku: BO-1482084
title: Black Jacket-Cropped Fit - M - quantity: 1 - sku: BO-1482081', 'Cairo', '       , Obour', NULL, false, false, NULL, NULL, '2025-09-13T13:35:11.000Z', false, NULL, NULL);
INSERT INTO "bosta_shipments" ("id", "trackingNumber", "codAmount", "businessReference", "deliveredAt", "createdAt", "updatedAt", "bostaImportId", "consigneeName", "consigneePhone", "deliveryState", "description", "dropOffCity", "dropOffFirstLine", "expectedDeliveryDate", "isDelivered", "isReturned", "numberOfAttempts", "originalCreatedAt", "originalUpdatedAt", "revenueCreated", "sku", "type") VALUES ('cmfilg6by002sbflp7z903gwt', '10237105', 0, '566a06-f6:#3452', '2025-09-06T22:16:34.000Z', '2025-09-13T18:22:42.958Z', '2025-09-13T18:22:42.958Z', 'cmfilg6bp002obflp251q0tkx', 'Youssef mahmoud', '+201220570956', 'returned', 'BostaSKU:BO-1691841 - quantity:1  -  itemPrice:575.00', 'Cairo', '      39, Cairo', NULL, false, true, NULL, NULL, '2025-09-06T23:05:00.000Z', false, NULL, NULL);
INSERT INTO "bosta_shipments" ("id", "trackingNumber", "codAmount", "businessReference", "deliveredAt", "createdAt", "updatedAt", "bostaImportId", "consigneeName", "consigneePhone", "deliveryState", "description", "dropOffCity", "dropOffFirstLine", "expectedDeliveryDate", "isDelivered", "isReturned", "numberOfAttempts", "originalCreatedAt", "originalUpdatedAt", "revenueCreated", "sku", "type") VALUES ('cmfilg6by002ubflpujuztvwm', '11101033', 0, '566a06-f6:#3438', '2025-08-25T19:14:27.000Z', '2025-09-13T18:22:42.958Z', '2025-09-13T18:22:42.958Z', 'cmfilg6bp002obflp251q0tkx', 'Omar Ragab', '+201018959801', 'returned', 'BostaSKU:BO-1747465 - quantity:1  -  itemPrice:1150.00', 'Dakahlia', '   -   -   - , Mansoura', NULL, false, true, NULL, NULL, '2025-08-25T20:54:15.000Z', false, NULL, NULL);
INSERT INTO "bosta_shipments" ("id", "trackingNumber", "codAmount", "businessReference", "deliveredAt", "createdAt", "updatedAt", "bostaImportId", "consigneeName", "consigneePhone", "deliveryState", "description", "dropOffCity", "dropOffFirstLine", "expectedDeliveryDate", "isDelivered", "isReturned", "numberOfAttempts", "originalCreatedAt", "originalUpdatedAt", "revenueCreated", "sku", "type") VALUES ('cmfilg6by002wbflpfun0vem8', '12893148', 1760, '566a06-f6:#3474', NULL, '2025-09-13T18:22:42.958Z', '2025-09-13T18:22:42.958Z', 'cmfilg6bp002obflp251q0tkx', 'Moaz Mamdouh', '+201279119108', 'received at warehouse', 'Products:
 title: Light grey Jacket-Cropped fit - L - quantity: 1 - sku: BO-1482087
title: Black Jacket-Cropped Fit - M - quantity: 1 - sku: BO-1482081', 'Cairo', '    ', NULL, false, false, NULL, NULL, '2025-09-13T16:52:14.000Z', false, NULL, NULL);
INSERT INTO "bosta_shipments" ("id", "trackingNumber", "codAmount", "businessReference", "deliveredAt", "createdAt", "updatedAt", "bostaImportId", "consigneeName", "consigneePhone", "deliveryState", "description", "dropOffCity", "dropOffFirstLine", "expectedDeliveryDate", "isDelivered", "isReturned", "numberOfAttempts", "originalCreatedAt", "originalUpdatedAt", "revenueCreated", "sku", "type") VALUES ('cmfilg6by0032bflpfnkwdotk', '18099996', 910, '566a06-f6:#3471', NULL, '2025-09-13T18:22:42.958Z', '2025-09-13T18:22:42.958Z', 'cmfilg6bp002obflp251q0tkx', 'Farida yasser Yasser', '+201027081855', 'received at warehouse', 'Products:
 title: Black Jacket-Cropped Fit - M - quantity: 1 - sku: BO-1482081', 'Cairo', '       11 gmb beauty salon sugar  6 ', NULL, false, false, NULL, NULL, '2025-09-13T16:52:26.000Z', false, NULL, NULL);
INSERT INTO "bosta_shipments" ("id", "trackingNumber", "codAmount", "businessReference", "deliveredAt", "createdAt", "updatedAt", "bostaImportId", "consigneeName", "consigneePhone", "deliveryState", "description", "dropOffCity", "dropOffFirstLine", "expectedDeliveryDate", "isDelivered", "isReturned", "numberOfAttempts", "originalCreatedAt", "originalUpdatedAt", "revenueCreated", "sku", "type") VALUES ('cmfilg6by0034bflpjeo8zeji', '2095133', 910, '566a06-f6:#3472', NULL, '2025-09-13T18:22:42.958Z', '2025-09-13T18:22:42.958Z', 'cmfilg6bp002obflp251q0tkx', 'aly abdelrahman', '+201065456839', 'received at warehouse', 'Products:
 title: Light grey Jacket-Cropped fit - M - quantity: 1 - sku: BO-1482086', 'Cairo', '  ', NULL, false, false, NULL, NULL, '2025-09-13T16:52:35.000Z', false, NULL, NULL);
INSERT INTO "bosta_shipments" ("id", "trackingNumber", "codAmount", "businessReference", "deliveredAt", "createdAt", "updatedAt", "bostaImportId", "consigneeName", "consigneePhone", "deliveryState", "description", "dropOffCity", "dropOffFirstLine", "expectedDeliveryDate", "isDelivered", "isReturned", "numberOfAttempts", "originalCreatedAt", "originalUpdatedAt", "revenueCreated", "sku", "type") VALUES ('cmfilg6by0036bflpejpe6y3j', '26335277', 60, '566a06-f6:#3458', '2025-09-08T22:33:09.000Z', '2025-09-13T18:22:42.958Z', '2025-09-13T18:22:42.958Z', 'cmfilg6bp002obflp251q0tkx', 'Mohamed Essam', '+201069881273', 'returned', 'BostaSKU:BO-1567610 - quantity:1  -  itemPrice:1200', 'Behira', '  -   , Kafr El-Dawar', NULL, false, true, NULL, NULL, '2025-09-08T23:51:21.000Z', false, NULL, NULL);
INSERT INTO "bosta_shipments" ("id", "trackingNumber", "codAmount", "businessReference", "deliveredAt", "createdAt", "updatedAt", "bostaImportId", "consigneeName", "consigneePhone", "deliveryState", "description", "dropOffCity", "dropOffFirstLine", "expectedDeliveryDate", "isDelivered", "isReturned", "numberOfAttempts", "originalCreatedAt", "originalUpdatedAt", "revenueCreated", "sku", "type") VALUES ('cmfilg6bz0038bflpne3695fd', '26976001', 0, '', '2025-09-07T21:21:04.000Z', '2025-09-13T18:22:42.958Z', '2025-09-13T18:22:42.958Z', 'cmfilg6bp002obflp251q0tkx', 'Yahia Mahmoud', '+201127589723', 'returned', 'BostaSKU:BO-1597104 - quantity:1  -  itemPrice:550', 'Giza', '  ', NULL, false, true, NULL, NULL, '2025-09-08T00:18:32.000Z', false, NULL, NULL);
INSERT INTO "bosta_shipments" ("id", "trackingNumber", "codAmount", "businessReference", "deliveredAt", "createdAt", "updatedAt", "bostaImportId", "consigneeName", "consigneePhone", "deliveryState", "description", "dropOffCity", "dropOffFirstLine", "expectedDeliveryDate", "isDelivered", "isReturned", "numberOfAttempts", "originalCreatedAt", "originalUpdatedAt", "revenueCreated", "sku", "type") VALUES ('cmfilg6bz003abflpczv6xcwa', '2725424', 910, '566a06-f6:#3483', NULL, '2025-09-13T18:22:42.958Z', '2025-09-13T18:22:42.958Z', 'cmfilg6bp002obflp251q0tkx', 'Yussuf Ibrahim', '+201097082050', 'received at warehouse', 'Products:
 title: Black Jacket-Cropped Fit - L - quantity: 1 - sku: BO-1482084', 'Cairo', '   /      , Cairo', NULL, false, false, NULL, NULL, '2025-09-13T17:12:42.000Z', false, NULL, NULL);
INSERT INTO "bosta_shipments" ("id", "trackingNumber", "codAmount", "businessReference", "deliveredAt", "createdAt", "updatedAt", "bostaImportId", "consigneeName", "consigneePhone", "deliveryState", "description", "dropOffCity", "dropOffFirstLine", "expectedDeliveryDate", "isDelivered", "isReturned", "numberOfAttempts", "originalCreatedAt", "originalUpdatedAt", "revenueCreated", "sku", "type") VALUES ('cmfilg6bz003cbflpbz2y04i2', '27274931', 0, '566a06-f6:#3450', '2025-09-04T21:17:11.000Z', '2025-09-13T18:22:42.958Z', '2025-09-13T18:22:42.958Z', 'cmfilg6bp002obflp251q0tkx', 'Abdelrahman Ahmed', '+201204906777', 'returned', 'BostaSKU:BO-1567527 - quantity:1  -  itemPrice:600.00', 'El Kalioubia', '         ,  ', NULL, false, true, NULL, NULL, '2025-09-04T21:49:00.000Z', false, NULL, NULL);
INSERT INTO "bosta_shipments" ("id", "trackingNumber", "codAmount", "businessReference", "deliveredAt", "createdAt", "updatedAt", "bostaImportId", "consigneeName", "consigneePhone", "deliveryState", "description", "dropOffCity", "dropOffFirstLine", "expectedDeliveryDate", "isDelivered", "isReturned", "numberOfAttempts", "originalCreatedAt", "originalUpdatedAt", "revenueCreated", "sku", "type") VALUES ('cmfilg6bz003ebflpwptw2pe4', '28466954', 910, '566a06-f6:#3469', NULL, '2025-09-13T18:22:42.958Z', '2025-09-13T18:22:42.958Z', 'cmfilg6bp002obflp251q0tkx', 'Farah Abdeen', '+201000674461', 'received at warehouse', 'Products:
 title: Light grey Jacket-Cropped fit - M - quantity: 1 - sku: BO-1482086', 'Alexandria', '             ', NULL, false, false, NULL, NULL, '2025-09-13T16:52:25.000Z', false, NULL, NULL);
INSERT INTO "bosta_shipments" ("id", "trackingNumber", "codAmount", "businessReference", "deliveredAt", "createdAt", "updatedAt", "bostaImportId", "consigneeName", "consigneePhone", "deliveryState", "description", "dropOffCity", "dropOffFirstLine", "expectedDeliveryDate", "isDelivered", "isReturned", "numberOfAttempts", "originalCreatedAt", "originalUpdatedAt", "revenueCreated", "sku", "type") VALUES ('cmfilg6bz003gbflp9lyadnff', '31537511', 910, '566a06-f6:#3462', NULL, '2025-09-13T18:22:42.958Z', '2025-09-13T18:22:42.958Z', 'cmfilg6bp002obflp251q0tkx', 'Karim Ahmed', '+201128710004', 'created', 'Products:
 title: Black Jacket-Cropped Fit - M - quantity: 1 - sku: BO-1482081', 'Cairo', '     , Cairo', NULL, false, false, NULL, NULL, '2025-09-13T13:35:11.000Z', false, NULL, NULL);
INSERT INTO "bosta_shipments" ("id", "trackingNumber", "codAmount", "businessReference", "deliveredAt", "createdAt", "updatedAt", "bostaImportId", "consigneeName", "consigneePhone", "deliveryState", "description", "dropOffCity", "dropOffFirstLine", "expectedDeliveryDate", "isDelivered", "isReturned", "numberOfAttempts", "originalCreatedAt", "originalUpdatedAt", "revenueCreated", "sku", "type") VALUES ('cmfilg6bz003ibflp7say1ule', '33559509', 1760, '566a06-f6:#3480', NULL, '2025-09-13T18:22:42.958Z', '2025-09-13T18:22:42.958Z', 'cmfilg6bp002obflp251q0tkx', 'Abdelrhman tamer', '+201070328901', 'created', 'Products:
 title: Black Jacket-Cropped Fit - M - quantity: 2 - sku: BO-1482081', 'Cairo', '       , Obour', NULL, false, false, NULL, NULL, '2025-09-13T13:35:11.000Z', false, NULL, NULL);
INSERT INTO "bosta_shipments" ("id", "trackingNumber", "codAmount", "businessReference", "deliveredAt", "createdAt", "updatedAt", "bostaImportId", "consigneeName", "consigneePhone", "deliveryState", "description", "dropOffCity", "dropOffFirstLine", "expectedDeliveryDate", "isDelivered", "isReturned", "numberOfAttempts", "originalCreatedAt", "originalUpdatedAt", "revenueCreated", "sku", "type") VALUES ('cmfilg6bz003mbflpykkfrye3', '37948884', 0, '566a06-f6:#3460', '2025-09-09T23:19:48.000Z', '2025-09-13T18:22:42.958Z', '2025-09-13T18:22:42.958Z', 'cmfilg6bp002obflp251q0tkx', 'Ahmed Adel', '+201157057130', 'returned', 'BostaSKU:BO-1567528 - quantity:1  -  itemPrice:600.00', 'Cairo', ' -   -   -   -  , ', NULL, false, true, NULL, NULL, '2025-09-09T23:48:35.000Z', false, NULL, NULL);
INSERT INTO "bosta_shipments" ("id", "trackingNumber", "codAmount", "businessReference", "deliveredAt", "createdAt", "updatedAt", "bostaImportId", "consigneeName", "consigneePhone", "deliveryState", "description", "dropOffCity", "dropOffFirstLine", "expectedDeliveryDate", "isDelivered", "isReturned", "numberOfAttempts", "originalCreatedAt", "originalUpdatedAt", "revenueCreated", "sku", "type") VALUES ('cmfilg6c0003obflplgf9x2l0', '39542860', 0, '566a06-f6:#3468', NULL, '2025-09-13T18:22:42.958Z', '2025-09-13T18:22:42.958Z', 'cmfilg6bp002obflp251q0tkx', 'ziad mahmoud', '+201154027089', 'received at warehouse', 'Products:
 title: Light grey Jacket-Cropped fit - M - quantity: 1 - sku: BO-1482086', 'Giza', '31        , ', NULL, false, false, NULL, NULL, '2025-09-13T17:03:26.000Z', false, NULL, NULL);
INSERT INTO "bosta_shipments" ("id", "trackingNumber", "codAmount", "businessReference", "deliveredAt", "createdAt", "updatedAt", "bostaImportId", "consigneeName", "consigneePhone", "deliveryState", "description", "dropOffCity", "dropOffFirstLine", "expectedDeliveryDate", "isDelivered", "isReturned", "numberOfAttempts", "originalCreatedAt", "originalUpdatedAt", "revenueCreated", "sku", "type") VALUES ('cmfilg6c0003qbflpn23wi5d0', '40273510', 0, '566a06-f6:#3444', '2025-08-28T20:03:33.000Z', '2025-09-13T18:22:42.958Z', '2025-09-13T18:22:42.958Z', 'cmfilg6bp002obflp251q0tkx', 'Yahia Mahmoud', '+201127589723', 'returned', 'BostaSKU:BO-1567527 - quantity:1  -  itemPrice:600.00', 'Giza', ', ', NULL, false, true, NULL, NULL, '2025-08-28T20:52:43.000Z', false, NULL, NULL);
INSERT INTO "bosta_shipments" ("id", "trackingNumber", "codAmount", "businessReference", "deliveredAt", "createdAt", "updatedAt", "bostaImportId", "consigneeName", "consigneePhone", "deliveryState", "description", "dropOffCity", "dropOffFirstLine", "expectedDeliveryDate", "isDelivered", "isReturned", "numberOfAttempts", "originalCreatedAt", "originalUpdatedAt", "revenueCreated", "sku", "type") VALUES ('cmfilg6c0003sbflp4wvc6znl', '41819567', 1760, '566a06-f6:#3475', NULL, '2025-09-13T18:22:42.958Z', '2025-09-13T18:22:42.958Z', 'cmfilg6bp002obflp251q0tkx', 'Ehab Tarek', '+201023064511', 'received at warehouse', 'Products:
 title: Black Jacket-Cropped Fit - L - quantity: 1 - sku: BO-1482084
title: Light grey Jacket-Cropped fit - L - quantity: 1 - sku: BO-1482087', 'Giza', '      800    ,  ', NULL, false, false, NULL, NULL, '2025-09-13T17:10:31.000Z', false, NULL, NULL);
INSERT INTO "bosta_shipments" ("id", "trackingNumber", "codAmount", "businessReference", "deliveredAt", "createdAt", "updatedAt", "bostaImportId", "consigneeName", "consigneePhone", "deliveryState", "description", "dropOffCity", "dropOffFirstLine", "expectedDeliveryDate", "isDelivered", "isReturned", "numberOfAttempts", "originalCreatedAt", "originalUpdatedAt", "revenueCreated", "sku", "type") VALUES ('cmfilg6c0003wbflp7rrc09zv', '43227810', 980, '', NULL, '2025-09-13T18:22:42.958Z', '2025-09-13T18:22:42.958Z', 'cmfilg6bp002obflp251q0tkx', 'Abdelrhman emad', '+201203335941', 'created', '', 'Cairo', '         , El rehab', NULL, false, false, NULL, NULL, '2025-09-13T13:35:11.000Z', false, NULL, NULL);
INSERT INTO "bosta_shipments" ("id", "trackingNumber", "codAmount", "businessReference", "deliveredAt", "createdAt", "updatedAt", "bostaImportId", "consigneeName", "consigneePhone", "deliveryState", "description", "dropOffCity", "dropOffFirstLine", "expectedDeliveryDate", "isDelivered", "isReturned", "numberOfAttempts", "originalCreatedAt", "originalUpdatedAt", "revenueCreated", "sku", "type") VALUES ('cmfilg6c00040bflpvxmurrvp', '45610981', 910, '566a06-f6:#3476', NULL, '2025-09-13T18:22:42.958Z', '2025-09-13T18:22:42.958Z', 'cmfilg6bp002obflp251q0tkx', 'Omar Khalil', '+201113654455', 'received at warehouse', 'Products:
 title: Black Jacket-Cropped Fit - L - quantity: 1 - sku: BO-1482084', 'Cairo', '             , New Cairo', NULL, false, false, NULL, NULL, '2025-09-13T17:31:05.000Z', false, NULL, NULL);
INSERT INTO "bosta_shipments" ("id", "trackingNumber", "codAmount", "businessReference", "deliveredAt", "createdAt", "updatedAt", "bostaImportId", "consigneeName", "consigneePhone", "deliveryState", "description", "dropOffCity", "dropOffFirstLine", "expectedDeliveryDate", "isDelivered", "isReturned", "numberOfAttempts", "originalCreatedAt", "originalUpdatedAt", "revenueCreated", "sku", "type") VALUES ('cmfilg6c10044bflprb9747nx', '48199545', 0, '566a06-f6:#3451', '2025-09-09T08:54:10.000Z', '2025-09-13T18:22:42.958Z', '2025-09-13T18:22:42.958Z', 'cmfilg6bp002obflp251q0tkx', 'Youssef mahmoud', '+201220570956', 'delivered', 'BostaSKU:BO-1691843 - quantity:1  -  itemPrice:575.00', 'Cairo', '      39, Cairo', NULL, true, false, NULL, NULL, '2025-09-09T16:21:04.000Z', false, NULL, NULL);
INSERT INTO "bosta_shipments" ("id", "trackingNumber", "codAmount", "businessReference", "deliveredAt", "createdAt", "updatedAt", "bostaImportId", "consigneeName", "consigneePhone", "deliveryState", "description", "dropOffCity", "dropOffFirstLine", "expectedDeliveryDate", "isDelivered", "isReturned", "numberOfAttempts", "originalCreatedAt", "originalUpdatedAt", "revenueCreated", "sku", "type") VALUES ('cmfilg6c10046bflp3yuvmeg9', '49911848', 0, '566a06-f6:#3488', '2025-09-11T23:02:26.000Z', '2025-09-13T18:22:42.958Z', '2025-09-13T18:22:42.958Z', 'cmfilg6bp002obflp251q0tkx', ' ', '+201025948370', 'returned', 'BostaSKU:BO-1567528 - quantity:1  -  itemPrice:600.00', 'Bani Suif', '     , ', NULL, false, true, NULL, NULL, '2025-09-11T23:48:26.000Z', false, NULL, NULL);
INSERT INTO "bosta_shipments" ("id", "trackingNumber", "codAmount", "businessReference", "deliveredAt", "createdAt", "updatedAt", "bostaImportId", "consigneeName", "consigneePhone", "deliveryState", "description", "dropOffCity", "dropOffFirstLine", "expectedDeliveryDate", "isDelivered", "isReturned", "numberOfAttempts", "originalCreatedAt", "originalUpdatedAt", "revenueCreated", "sku", "type") VALUES ('cmfilg6c10048bflpkktyzcn6', '50461055', 910, '566a06-f6:#3464', NULL, '2025-09-13T18:22:42.958Z', '2025-09-13T18:22:42.958Z', 'cmfilg6bp002obflp251q0tkx', 'Fared Ezz', '+201006107509', 'received at warehouse', 'Products:
 title: Black Jacket-Cropped Fit - M - quantity: 1 - sku: BO-1482081', 'Sharqia', '     , ', NULL, false, false, NULL, NULL, '2025-09-13T16:52:06.000Z', false, NULL, NULL);
INSERT INTO "bosta_shipments" ("id", "trackingNumber", "codAmount", "businessReference", "deliveredAt", "createdAt", "updatedAt", "bostaImportId", "consigneeName", "consigneePhone", "deliveryState", "description", "dropOffCity", "dropOffFirstLine", "expectedDeliveryDate", "isDelivered", "isReturned", "numberOfAttempts", "originalCreatedAt", "originalUpdatedAt", "revenueCreated", "sku", "type") VALUES ('cmfilg6c1004abflpcxo14yme', '52553199', 910, '566a06-f6:#3465', NULL, '2025-09-13T18:22:42.958Z', '2025-09-13T18:22:42.958Z', 'cmfilg6bp002obflp251q0tkx', 'maryam hatim', '+201032595717', 'received at warehouse', 'Products:
 title: Black Jacket-Cropped Fit - M - quantity: 1 - sku: BO-1482081', 'Cairo', ' B12  121  62   ', NULL, false, false, NULL, NULL, '2025-09-13T16:53:45.000Z', false, NULL, NULL);
INSERT INTO "bosta_shipments" ("id", "trackingNumber", "codAmount", "businessReference", "deliveredAt", "createdAt", "updatedAt", "bostaImportId", "consigneeName", "consigneePhone", "deliveryState", "description", "dropOffCity", "dropOffFirstLine", "expectedDeliveryDate", "isDelivered", "isReturned", "numberOfAttempts", "originalCreatedAt", "originalUpdatedAt", "revenueCreated", "sku", "type") VALUES ('cmfilg6c1004cbflpaxff1gyf', '54492416', 1210, '566a06-f6:#3459', NULL, '2025-09-13T18:22:42.958Z', '2025-09-13T18:22:42.958Z', 'cmfilg6bp002obflp251q0tkx', 'karim elnemr', '+201092863517', 'in_progress', 'BostaSKU:BO-1747464 - quantity:1  -  itemPrice:1150.00', 'Cairo', 'Al Marasem Development, Fifth Square Compound, ', NULL, false, false, NULL, NULL, '2025-09-09T20:49:24.000Z', false, NULL, NULL);
INSERT INTO "bosta_shipments" ("id", "trackingNumber", "codAmount", "businessReference", "deliveredAt", "createdAt", "updatedAt", "bostaImportId", "consigneeName", "consigneePhone", "deliveryState", "description", "dropOffCity", "dropOffFirstLine", "expectedDeliveryDate", "isDelivered", "isReturned", "numberOfAttempts", "originalCreatedAt", "originalUpdatedAt", "revenueCreated", "sku", "type") VALUES ('cmfilg6c1004ebflpixpiso4x', '55252547', 910, '566a06-f6:#3470', NULL, '2025-09-13T18:22:42.958Z', '2025-09-13T18:22:42.958Z', 'cmfilg6bp002obflp251q0tkx', 'Ibrahim Khalil', '+201096862378', 'received at warehouse', 'Products:
 title: Light grey Jacket-Cropped fit - L - quantity: 1 - sku: BO-1482087', 'Monufia', '        ,  ', NULL, false, false, NULL, NULL, '2025-09-13T17:57:03.000Z', false, NULL, NULL);
INSERT INTO "bosta_shipments" ("id", "trackingNumber", "codAmount", "businessReference", "deliveredAt", "createdAt", "updatedAt", "bostaImportId", "consigneeName", "consigneePhone", "deliveryState", "description", "dropOffCity", "dropOffFirstLine", "expectedDeliveryDate", "isDelivered", "isReturned", "numberOfAttempts", "originalCreatedAt", "originalUpdatedAt", "revenueCreated", "sku", "type") VALUES ('cmfilg6c1004gbflpahdz8mn2', '58115194', 910, '566a06-f6:#3481', NULL, '2025-09-13T18:22:42.958Z', '2025-09-13T18:22:42.958Z', 'cmfilg6bp002obflp251q0tkx', 'Zaid Said', '+201228825899', 'received at warehouse', 'Products:
 title: Black Jacket-Cropped Fit - L - quantity: 1 - sku: BO-1482084', 'Cairo', '     , Sobra', NULL, false, false, NULL, NULL, '2025-09-13T16:52:34.000Z', false, NULL, NULL);
INSERT INTO "bosta_shipments" ("id", "trackingNumber", "codAmount", "businessReference", "deliveredAt", "createdAt", "updatedAt", "bostaImportId", "consigneeName", "consigneePhone", "deliveryState", "description", "dropOffCity", "dropOffFirstLine", "expectedDeliveryDate", "isDelivered", "isReturned", "numberOfAttempts", "originalCreatedAt", "originalUpdatedAt", "revenueCreated", "sku", "type") VALUES ('cmfilg6c2004ibflp0w2jdrl1', '60418471', 1760, '566a06-f6:#3463', NULL, '2025-09-13T18:22:42.958Z', '2025-09-13T18:22:42.958Z', 'cmfilg6bp002obflp251q0tkx', 'Laila Ahmed', '+201122638847', 'received at warehouse', 'Products:
 title: Black Jacket-Cropped Fit - L - quantity: 1 - sku: BO-1482084
title: Light grey Jacket-Cropped fit - L - quantity: 1 - sku: BO-1482087', 'Cairo', '  10  102  27  2  22 ', NULL, false, false, NULL, NULL, '2025-09-13T16:52:17.000Z', false, NULL, NULL);
INSERT INTO "bosta_shipments" ("id", "trackingNumber", "codAmount", "businessReference", "deliveredAt", "createdAt", "updatedAt", "bostaImportId", "consigneeName", "consigneePhone", "deliveryState", "description", "dropOffCity", "dropOffFirstLine", "expectedDeliveryDate", "isDelivered", "isReturned", "numberOfAttempts", "originalCreatedAt", "originalUpdatedAt", "revenueCreated", "sku", "type") VALUES ('cmfilg6c2004kbflp9kwjrj1o', '62307841', 910, '566a06-f6:#3477', NULL, '2025-09-13T18:22:42.958Z', '2025-09-13T18:22:42.958Z', 'cmfilg6bp002obflp251q0tkx', 'Mohamed Ahmed', '+201094038012', 'received at warehouse', 'Products:
 title: Black Jacket-Cropped Fit - M - quantity: 1 - sku: BO-1482081', 'Cairo', '  _  _   , ', NULL, false, false, NULL, NULL, '2025-09-13T17:00:56.000Z', false, NULL, NULL);
INSERT INTO "bosta_shipments" ("id", "trackingNumber", "codAmount", "businessReference", "deliveredAt", "createdAt", "updatedAt", "bostaImportId", "consigneeName", "consigneePhone", "deliveryState", "description", "dropOffCity", "dropOffFirstLine", "expectedDeliveryDate", "isDelivered", "isReturned", "numberOfAttempts", "originalCreatedAt", "originalUpdatedAt", "revenueCreated", "sku", "type") VALUES ('cmfilg6c2004mbflpoymocfh3', '63389574', 50, '566a06-f6:#2067', NULL, '2025-09-13T18:22:42.958Z', '2025-09-13T18:22:42.958Z', 'cmfilg6bp002obflp251q0tkx', 'Abdelrahman Amr', '+201507601232', 'created', 'BostaSKU:BO-1567614 - quantity:1 -  itemPrice:1200', 'Cairo', '91 gesr Al suez, beside Al qubaisy , entrance number 2 , 5th floor ., Cairo', NULL, false, false, NULL, NULL, '2025-09-13T13:35:11.000Z', false, NULL, NULL);
INSERT INTO "bosta_shipments" ("id", "trackingNumber", "codAmount", "businessReference", "deliveredAt", "createdAt", "updatedAt", "bostaImportId", "consigneeName", "consigneePhone", "deliveryState", "description", "dropOffCity", "dropOffFirstLine", "expectedDeliveryDate", "isDelivered", "isReturned", "numberOfAttempts", "originalCreatedAt", "originalUpdatedAt", "revenueCreated", "sku", "type") VALUES ('cmfilg6c2004obflprna93raq', '66624821', 910, '566a06-f6:#3479', NULL, '2025-09-13T18:22:42.958Z', '2025-09-13T18:22:42.958Z', 'cmfilg6bp002obflp251q0tkx', 'Dana Tamer', '+201284273388', 'received at warehouse', 'Products:
 title: Black Jacket-Cropped Fit - M - quantity: 1 - sku: BO-1482081', 'Sharqia', '         , Sharqia', NULL, false, false, NULL, NULL, '2025-09-13T16:53:41.000Z', false, NULL, NULL);
INSERT INTO "bosta_shipments" ("id", "trackingNumber", "codAmount", "businessReference", "deliveredAt", "createdAt", "updatedAt", "bostaImportId", "consigneeName", "consigneePhone", "deliveryState", "description", "dropOffCity", "dropOffFirstLine", "expectedDeliveryDate", "isDelivered", "isReturned", "numberOfAttempts", "originalCreatedAt", "originalUpdatedAt", "revenueCreated", "sku", "type") VALUES ('cmfilg6c2004qbflpcvpxlbwi', '68432232', 0, '566a06-f6:#3455', '2025-09-07T21:19:25.000Z', '2025-09-13T18:22:42.958Z', '2025-09-13T18:22:42.958Z', 'cmfilg6bp002obflp251q0tkx', 'Marach Mabado', '+201126442269', 'returned', 'BostaSKU:BO-1567527 - quantity:1  -  itemPrice:600.00', 'Cairo', '  ', NULL, false, true, NULL, NULL, '2025-09-08T00:06:54.000Z', false, NULL, NULL);
INSERT INTO "bosta_shipments" ("id", "trackingNumber", "codAmount", "businessReference", "deliveredAt", "createdAt", "updatedAt", "bostaImportId", "consigneeName", "consigneePhone", "deliveryState", "description", "dropOffCity", "dropOffFirstLine", "expectedDeliveryDate", "isDelivered", "isReturned", "numberOfAttempts", "originalCreatedAt", "originalUpdatedAt", "revenueCreated", "sku", "type") VALUES ('cmfilg6c2004sbflpdhcemo8a', '69856537', 0, '566a06-f6:#3446', '2025-08-31T22:59:19.000Z', '2025-09-13T18:22:42.958Z', '2025-09-13T18:22:42.958Z', 'cmfilg6bp002obflp251q0tkx', 'Yahia Mahmoud', '+201127589726', 'returned', 'BostaSKU:BO-1597104 - quantity:1  -  itemPrice:600.00', 'Giza', ', ', NULL, false, true, NULL, NULL, '2025-09-01T00:07:29.000Z', false, NULL, NULL);
INSERT INTO "bosta_shipments" ("id", "trackingNumber", "codAmount", "businessReference", "deliveredAt", "createdAt", "updatedAt", "bostaImportId", "consigneeName", "consigneePhone", "deliveryState", "description", "dropOffCity", "dropOffFirstLine", "expectedDeliveryDate", "isDelivered", "isReturned", "numberOfAttempts", "originalCreatedAt", "originalUpdatedAt", "revenueCreated", "sku", "type") VALUES ('cmfilg6c2004ubflpuu25koih', '69911208', 910, '566a06-f6:#3478', NULL, '2025-09-13T18:22:42.958Z', '2025-09-13T18:22:42.958Z', 'cmfilg6bp002obflp251q0tkx', 'Nada Mohamed', '+201096264323', 'received at warehouse', 'Products:
 title: Black Jacket-Cropped Fit - M - quantity: 1 - sku: BO-1482081', 'Menya', '  , Minya', NULL, false, false, NULL, NULL, '2025-09-13T16:52:23.000Z', false, NULL, NULL);
INSERT INTO "bosta_shipments" ("id", "trackingNumber", "codAmount", "businessReference", "deliveredAt", "createdAt", "updatedAt", "bostaImportId", "consigneeName", "consigneePhone", "deliveryState", "description", "dropOffCity", "dropOffFirstLine", "expectedDeliveryDate", "isDelivered", "isReturned", "numberOfAttempts", "originalCreatedAt", "originalUpdatedAt", "revenueCreated", "sku", "type") VALUES ('cmfilg6c3004ybflpa1o39lmy', '75573336', 910, '566a06-f6:#3484', NULL, '2025-09-13T18:22:42.958Z', '2025-09-13T18:22:42.958Z', 'cmfilg6bp002obflp251q0tkx', 'Fouad Moutaz', '+201153592163', 'ready to dispatch', 'Products:
 title: Black Jacket-Cropped Fit - M - quantity: 1 - sku: BO-1482081', 'Cairo', '  ', NULL, false, false, NULL, NULL, '2025-09-13T18:03:28.000Z', false, NULL, NULL);
INSERT INTO "bosta_shipments" ("id", "trackingNumber", "codAmount", "businessReference", "deliveredAt", "createdAt", "updatedAt", "bostaImportId", "consigneeName", "consigneePhone", "deliveryState", "description", "dropOffCity", "dropOffFirstLine", "expectedDeliveryDate", "isDelivered", "isReturned", "numberOfAttempts", "originalCreatedAt", "originalUpdatedAt", "revenueCreated", "sku", "type") VALUES ('cmfilg6c30050bflp56ma1iwl', '78362534', 910, '566a06-f6:#3466', NULL, '2025-09-13T18:22:42.958Z', '2025-09-13T18:22:42.958Z', 'cmfilg6bp002obflp251q0tkx', 'Ayham AlQerbi', '+201107250264', 'created', 'Products:
 title: Light grey Jacket-Cropped fit - M - quantity: 1 - sku: BO-1482086', 'Cairo', ' b8 group 83  42  12 ', NULL, false, false, NULL, NULL, '2025-09-13T13:35:11.000Z', false, NULL, NULL);
INSERT INTO "bosta_shipments" ("id", "trackingNumber", "codAmount", "businessReference", "deliveredAt", "createdAt", "updatedAt", "bostaImportId", "consigneeName", "consigneePhone", "deliveryState", "description", "dropOffCity", "dropOffFirstLine", "expectedDeliveryDate", "isDelivered", "isReturned", "numberOfAttempts", "originalCreatedAt", "originalUpdatedAt", "revenueCreated", "sku", "type") VALUES ('cmfilg6c30052bflp60aytpd2', '80784662', 1210, '', NULL, '2025-09-13T18:22:42.958Z', '2025-09-13T18:22:42.958Z', 'cmfilg6bp002obflp251q0tkx', '  ', '+201115989493', 'deleted', 'BostaSKU:BO-1567617 - quantity:1  -  itemPrice:1200', 'Fayoum', '       ', NULL, false, false, NULL, NULL, '2025-08-27T16:24:31.000Z', false, NULL, NULL);
INSERT INTO "bosta_shipments" ("id", "trackingNumber", "codAmount", "businessReference", "deliveredAt", "createdAt", "updatedAt", "bostaImportId", "consigneeName", "consigneePhone", "deliveryState", "description", "dropOffCity", "dropOffFirstLine", "expectedDeliveryDate", "isDelivered", "isReturned", "numberOfAttempts", "originalCreatedAt", "originalUpdatedAt", "revenueCreated", "sku", "type") VALUES ('cmfilg6c30054bflpxeli5nup', '81279268', 1210, '', NULL, '2025-09-13T18:22:42.958Z', '2025-09-13T18:22:42.958Z', 'cmfilg6bp002obflp251q0tkx', '  ', '+201115989493', 'deleted', 'BostaSKU:BO-1567617 - quantity:1  -  itemPrice:1200', 'Cairo', '      9088     ', NULL, false, false, NULL, NULL, '2025-08-30T11:00:41.000Z', false, NULL, NULL);
INSERT INTO "bosta_shipments" ("id", "trackingNumber", "codAmount", "businessReference", "deliveredAt", "createdAt", "updatedAt", "bostaImportId", "consigneeName", "consigneePhone", "deliveryState", "description", "dropOffCity", "dropOffFirstLine", "expectedDeliveryDate", "isDelivered", "isReturned", "numberOfAttempts", "originalCreatedAt", "originalUpdatedAt", "revenueCreated", "sku", "type") VALUES ('cmfilg6c30056bflp827iobm6', '83142027', 910, '566a06-f6:#3467', NULL, '2025-09-13T18:22:42.958Z', '2025-09-13T18:22:42.958Z', 'cmfilg6bp002obflp251q0tkx', 'Saad Alrouh', '+201024247665', 'received at warehouse', 'Products:
 title: Black Jacket-Cropped Fit - M - quantity: 1 - sku: BO-1482081', 'Giza', ' -  - - , Sheikh Zayed', NULL, false, false, NULL, NULL, '2025-09-13T16:52:23.000Z', false, NULL, NULL);
INSERT INTO "bosta_shipments" ("id", "trackingNumber", "codAmount", "businessReference", "deliveredAt", "createdAt", "updatedAt", "bostaImportId", "consigneeName", "consigneePhone", "deliveryState", "description", "dropOffCity", "dropOffFirstLine", "expectedDeliveryDate", "isDelivered", "isReturned", "numberOfAttempts", "originalCreatedAt", "originalUpdatedAt", "revenueCreated", "sku", "type") VALUES ('cmfilg6c40058bflphsk7hjbn', '84615692', 1760, '566a06-f6:#3473', NULL, '2025-09-13T18:22:42.958Z', '2025-09-13T18:22:42.958Z', 'cmfilg6bp002obflp251q0tkx', 'Alaa ', '+201065729130', 'received at warehouse', 'Products:
 title: Light grey Jacket-Cropped fit - L - quantity: 1 - sku: BO-1482087
title: Black Jacket-Cropped Fit - L - quantity: 1 - sku: BO-1482084', 'Ismailia', '         , ', NULL, false, false, NULL, NULL, '2025-09-13T16:52:28.000Z', false, NULL, NULL);
INSERT INTO "bosta_shipments" ("id", "trackingNumber", "codAmount", "businessReference", "deliveredAt", "createdAt", "updatedAt", "bostaImportId", "consigneeName", "consigneePhone", "deliveryState", "description", "dropOffCity", "dropOffFirstLine", "expectedDeliveryDate", "isDelivered", "isReturned", "numberOfAttempts", "originalCreatedAt", "originalUpdatedAt", "revenueCreated", "sku", "type") VALUES ('cmfilg6c4005abflpekqrz18a', '85821404', 0, '566a06-f6:#3442', '2025-08-24T20:11:25.000Z', '2025-09-13T18:22:42.958Z', '2025-09-13T18:22:42.958Z', 'cmfilg6bp002obflp251q0tkx', 'Moaz Sayed', '+201289394472', 'returned', 'BostaSKU:BO-1567527 - quantity:1  -  itemPrice:600.00', 'Ismailia', '   /, Ismilia', NULL, false, true, NULL, NULL, '2025-08-24T23:08:24.000Z', false, NULL, NULL);
INSERT INTO "bosta_shipments" ("id", "trackingNumber", "codAmount", "businessReference", "deliveredAt", "createdAt", "updatedAt", "bostaImportId", "consigneeName", "consigneePhone", "deliveryState", "description", "dropOffCity", "dropOffFirstLine", "expectedDeliveryDate", "isDelivered", "isReturned", "numberOfAttempts", "originalCreatedAt", "originalUpdatedAt", "revenueCreated", "sku", "type") VALUES ('cmfilg6c4005ebflp3zo3r7qf', '89594112', 0, '566a06-f6:#3445', '2025-09-08T22:32:57.000Z', '2025-09-13T18:22:42.958Z', '2025-09-13T18:22:42.958Z', 'cmfilg6bp002obflp251q0tkx', 'Fawzi Sarhan', '+201119277520', 'returned', 'BostaSKU:BO-1567527 - quantity:2  -  itemPrice:600.00 
BostaSKU:BO-1747465 - quantity:1  -  itemPrice:1150.00', 'Aswan', '     ,     ', NULL, false, true, NULL, NULL, '2025-09-08T23:51:30.000Z', false, NULL, NULL);
INSERT INTO "bosta_shipments" ("id", "trackingNumber", "codAmount", "businessReference", "deliveredAt", "createdAt", "updatedAt", "bostaImportId", "consigneeName", "consigneePhone", "deliveryState", "description", "dropOffCity", "dropOffFirstLine", "expectedDeliveryDate", "isDelivered", "isReturned", "numberOfAttempts", "originalCreatedAt", "originalUpdatedAt", "revenueCreated", "sku", "type") VALUES ('cmfilg6c4005gbflp760aewi4', '9664837', 910, '566a06-f6:#3485', NULL, '2025-09-13T18:22:42.958Z', '2025-09-13T18:22:42.958Z', 'cmfilg6bp002obflp251q0tkx', 'Hesham Fawzy', '+201060994216', 'received at warehouse', 'Products:
 title: Black Jacket-Cropped Fit - L - quantity: 1 - sku: BO-1482084', 'Cairo', '  293 -  ', NULL, false, false, NULL, NULL, '2025-09-13T16:52:41.000Z', false, NULL, NULL);
INSERT INTO "bosta_shipments" ("id", "trackingNumber", "codAmount", "businessReference", "deliveredAt", "createdAt", "updatedAt", "bostaImportId", "consigneeName", "consigneePhone", "deliveryState", "description", "dropOffCity", "dropOffFirstLine", "expectedDeliveryDate", "isDelivered", "isReturned", "numberOfAttempts", "originalCreatedAt", "originalUpdatedAt", "revenueCreated", "sku", "type") VALUES ('cmfilg6by002ybflpkr7hoc5u', '15439497', 1210, '566a06-f6:#3456', '2025-09-06T09:45:40.000Z', '2025-09-13T18:22:42.958Z', '2025-09-13T18:22:43.012Z', 'cmfilg6bp002obflp251q0tkx', 'Abdelrahman Mohamed', '+201111389454', 'delivered', 'BostaSKU:BO-1747465 - quantity:1  -  itemPrice:1150.00', 'Giza', '        , ', NULL, true, false, NULL, NULL, '2025-09-06T18:20:53.000Z', true, NULL, NULL);
INSERT INTO "bosta_shipments" ("id", "trackingNumber", "codAmount", "businessReference", "deliveredAt", "createdAt", "updatedAt", "bostaImportId", "consigneeName", "consigneePhone", "deliveryState", "description", "dropOffCity", "dropOffFirstLine", "expectedDeliveryDate", "isDelivered", "isReturned", "numberOfAttempts", "originalCreatedAt", "originalUpdatedAt", "revenueCreated", "sku", "type") VALUES ('cmfilg6by0030bflp16s10r2w', '15825644', 1210, '566a06-f6:#3458', '2025-09-06T13:22:33.000Z', '2025-09-13T18:22:42.958Z', '2025-09-13T18:22:43.012Z', 'cmfilg6bp002obflp251q0tkx', 'Mohamed Essam', '+201069881273', 'delivered', 'BostaSKU:BO-1747465 - quantity:1  -  itemPrice:1150.00', 'Behira', '  -   , Kafr El-Dawar', NULL, true, false, NULL, NULL, '2025-09-06T17:07:11.000Z', true, NULL, NULL);
INSERT INTO "bosta_shipments" ("id", "trackingNumber", "codAmount", "businessReference", "deliveredAt", "createdAt", "updatedAt", "bostaImportId", "consigneeName", "consigneePhone", "deliveryState", "description", "dropOffCity", "dropOffFirstLine", "expectedDeliveryDate", "isDelivered", "isReturned", "numberOfAttempts", "originalCreatedAt", "originalUpdatedAt", "revenueCreated", "sku", "type") VALUES ('cmfilg6bz003kbflp4arxo2db', '35756392', 660, '566a06-f6:#3454', '2025-09-04T14:09:08.000Z', '2025-09-13T18:22:42.958Z', '2025-09-13T18:22:43.012Z', 'cmfilg6bp002obflp251q0tkx', 'Belal Mahmoud', '+201090532231', 'delivered', 'BostaSKU:BO-1597105 - quantity:1  -  itemPrice:600.00', 'Giza', '     , ', NULL, true, false, NULL, NULL, '2025-09-04T19:50:28.000Z', true, NULL, NULL);
INSERT INTO "bosta_shipments" ("id", "trackingNumber", "codAmount", "businessReference", "deliveredAt", "createdAt", "updatedAt", "bostaImportId", "consigneeName", "consigneePhone", "deliveryState", "description", "dropOffCity", "dropOffFirstLine", "expectedDeliveryDate", "isDelivered", "isReturned", "numberOfAttempts", "originalCreatedAt", "originalUpdatedAt", "revenueCreated", "sku", "type") VALUES ('cmfilg6c0003ubflpypp9xkrg', '41880898', 660, '566a06-f6:#3448', '2025-09-02T12:46:16.000Z', '2025-09-13T18:22:42.958Z', '2025-09-13T18:22:43.012Z', 'cmfilg6bp002obflp251q0tkx', 'adham waleed', '+201027974207', 'delivered', 'BostaSKU:BO-1567528 - quantity:1  -  itemPrice:600.00', 'Cairo', '17    ', NULL, true, false, NULL, NULL, '2025-09-02T18:51:26.000Z', true, NULL, NULL);
INSERT INTO "bosta_shipments" ("id", "trackingNumber", "codAmount", "businessReference", "deliveredAt", "createdAt", "updatedAt", "bostaImportId", "consigneeName", "consigneePhone", "deliveryState", "description", "dropOffCity", "dropOffFirstLine", "expectedDeliveryDate", "isDelivered", "isReturned", "numberOfAttempts", "originalCreatedAt", "originalUpdatedAt", "revenueCreated", "sku", "type") VALUES ('cmfilg6c0003ybflp5fkwmxem', '43411209', 660, '566a06-f6:#3447', '2025-08-30T11:26:05.000Z', '2025-09-13T18:22:42.958Z', '2025-09-13T18:22:43.012Z', 'cmfilg6bp002obflp251q0tkx', 'Carlos Tawfik', '+201210433863', 'delivered', 'BostaSKU:BO-1567527 - quantity:1  -  itemPrice:600.00', 'Cairo', '   2  ', NULL, true, false, NULL, NULL, '2025-08-30T17:08:28.000Z', true, NULL, NULL);
INSERT INTO "bosta_shipments" ("id", "trackingNumber", "codAmount", "businessReference", "deliveredAt", "createdAt", "updatedAt", "bostaImportId", "consigneeName", "consigneePhone", "deliveryState", "description", "dropOffCity", "dropOffFirstLine", "expectedDeliveryDate", "isDelivered", "isReturned", "numberOfAttempts", "originalCreatedAt", "originalUpdatedAt", "revenueCreated", "sku", "type") VALUES ('cmfilg6c00042bflpdyab04ud', '48050215', 660, '566a06-f6:#3457', '2025-09-06T12:45:35.000Z', '2025-09-13T18:22:42.958Z', '2025-09-13T18:22:43.012Z', 'cmfilg6bp002obflp251q0tkx', 'Mostafa Shalaby', '+201011099777', 'delivered', 'BostaSKU:BO-1597105 - quantity:1  -  itemPrice:600.00', 'Giza', '   ', NULL, true, false, NULL, NULL, '2025-09-06T14:50:00.000Z', true, NULL, NULL);
INSERT INTO "bosta_shipments" ("id", "trackingNumber", "codAmount", "businessReference", "deliveredAt", "createdAt", "updatedAt", "bostaImportId", "consigneeName", "consigneePhone", "deliveryState", "description", "dropOffCity", "dropOffFirstLine", "expectedDeliveryDate", "isDelivered", "isReturned", "numberOfAttempts", "originalCreatedAt", "originalUpdatedAt", "revenueCreated", "sku", "type") VALUES ('cmfilg6c3004wbflp6eptjmd3', '70880418', 1210, '566a06-f6:#3461', '2025-09-09T15:02:44.000Z', '2025-09-13T18:22:42.958Z', '2025-09-13T18:22:43.012Z', 'cmfilg6bp002obflp251q0tkx', 'Hassan mohammed', '+201558572006', 'delivered', 'BostaSKU:BO-1747466 - quantity:1  -  itemPrice:1150.00', 'Cairo', '  , ', NULL, true, false, NULL, NULL, '2025-09-10T07:04:54.000Z', true, NULL, NULL);
INSERT INTO "bosta_shipments" ("id", "trackingNumber", "codAmount", "businessReference", "deliveredAt", "createdAt", "updatedAt", "bostaImportId", "consigneeName", "consigneePhone", "deliveryState", "description", "dropOffCity", "dropOffFirstLine", "expectedDeliveryDate", "isDelivered", "isReturned", "numberOfAttempts", "originalCreatedAt", "originalUpdatedAt", "revenueCreated", "sku", "type") VALUES ('cmfilg6c4005cbflpyb9v98bs', '8631410', 660, '566a06-f6:#3449', '2025-09-03T10:45:35.000Z', '2025-09-13T18:22:42.958Z', '2025-09-13T18:22:43.012Z', 'cmfilg6bp002obflp251q0tkx', 'Yousef Ibrahim', '+201028278922', 'delivered', 'BostaSKU:BO-1597103 - quantity:1  -  itemPrice:600.00', 'Monufia', '  -  -  -   , ', NULL, true, false, NULL, NULL, '2025-09-04T07:04:19.000Z', true, NULL, NULL);


-- Table: tickets
DELETE FROM "tickets";
INSERT INTO "tickets" ("id", "ticketId", "fullName", "email", "category", "subject", "description", "status", "priority", "attachments", "assignedToId", "userId", "resolvedAt", "closedAt", "createdAt", "updatedAt") VALUES ('cmf8vtomy0001m02cswuoi8mt', 'TK-000001', 'Test User', 'test@example.com', 'Technical Issue', 'Test Ticket', 'This is a test ticket to verify the system is working correctly.', 'Open', 'Medium', '[]', NULL, NULL, NULL, NULL, '2025-09-06T23:15:27.611Z', '2025-09-06T23:15:27.611Z');
INSERT INTO "tickets" ("id", "ticketId", "fullName", "email", "category", "subject", "description", "status", "priority", "attachments", "assignedToId", "userId", "resolvedAt", "closedAt", "createdAt", "updatedAt") VALUES ('cmf8ws2we000fck2eolp3cpja', 'TK-000002', 'Zeyad Emad', 'zoz@gmail.com', 'Feature Request', 'hvhjhjhvhjv', 'knk,nnkbvbjkbkbkbjkjjkgjkhjkghjkgjkg', 'Open', 'Medium', '[]', NULL, 'cmf8wczgw0003ck2ee4pspute', NULL, NULL, '2025-09-06T23:42:12.398Z', '2025-09-06T23:42:12.398Z');
INSERT INTO "tickets" ("id", "ticketId", "fullName", "email", "category", "subject", "description", "status", "priority", "attachments", "assignedToId", "userId", "resolvedAt", "closedAt", "createdAt", "updatedAt") VALUES ('cmf8xc2ld000110evin1ymtyt', 'TK-000003', 'Zeyad Emad ', 'zeiad_agamy@icloud.com', 'Technical Issue', 'aaaaaaaaaa', 'aaasndkndklndnkldbdbjlbdjbdjbjdbdljdbjdnbd', 'Open', 'Medium', '[]', NULL, 'cmf8wczgw0003ck2ee4pspute', NULL, NULL, '2025-09-06T23:57:45.120Z', '2025-09-06T23:57:45.120Z');
INSERT INTO "tickets" ("id", "ticketId", "fullName", "email", "category", "subject", "description", "status", "priority", "attachments", "assignedToId", "userId", "resolvedAt", "closedAt", "createdAt", "updatedAt") VALUES ('cmfjf03ue0007culi28xl9ml8', 'TK-000004', 'Zoz Emad', 'ziz@gmail.com', 'Billing', 'test', 'test', 'Open', 'High', '[]', NULL, 'cmfb4v2ec0001zl8npyncsuls', NULL, NULL, '2025-09-14T08:10:01.718Z', '2025-09-14T08:10:01.718Z');


-- Table: ticket_responses
DELETE FROM "ticket_responses";
INSERT INTO "ticket_responses" ("id", "ticketId", "message", "isInternal", "isFromAdmin", "authorId", "authorName", "authorEmail", "attachments", "createdAt", "updatedAt") VALUES ('cmf8ylt2q000710evsdjgrlne', 'cmf8xc2ld000110evin1ymtyt', 'thanks', false, true, 'cmf8k5a9q0000qwshuraovgh5', 'Admin User', 'admin@admin.com', '[]', '2025-09-07T00:33:18.961Z', '2025-09-07T00:33:18.961Z');
INSERT INTO "ticket_responses" ("id", "ticketId", "message", "isInternal", "isFromAdmin", "authorId", "authorName", "authorEmail", "attachments", "createdAt", "updatedAt") VALUES ('cmf9lc7bj0003b33qchym2osp', 'cmf8xc2ld000110evin1ymtyt', 'good ?', false, true, 'cmf8k5a9q0000qwshuraovgh5', 'Admin User', 'admin@admin.com', '[]', '2025-09-07T11:09:42.031Z', '2025-09-07T11:09:42.031Z');
INSERT INTO "ticket_responses" ("id", "ticketId", "message", "isInternal", "isFromAdmin", "authorId", "authorName", "authorEmail", "attachments", "createdAt", "updatedAt") VALUES ('cmfjf0wcj000bculilzwxa711', 'cmfjf03ue0007culi28xl9ml8', 'message recievced', false, true, 'cmf8k5a9q0000qwshuraovgh5', 'Admin User', 'admin@admin.com', '[]', '2025-09-14T08:10:38.659Z', '2025-09-14T08:10:38.659Z');
INSERT INTO "ticket_responses" ("id", "ticketId", "message", "isInternal", "isFromAdmin", "authorId", "authorName", "authorEmail", "attachments", "createdAt", "updatedAt") VALUES ('cmfjf54ui000110uv8dikpj0c', 'cmfjf03ue0007culi28xl9ml8', 'thank you', false, false, NULL, 'Zoz Emad', 'ziz@gmail.com', '[]', '2025-09-14T08:13:56.298Z', '2025-09-14T08:13:56.298Z');
INSERT INTO "ticket_responses" ("id", "ticketId", "message", "isInternal", "isFromAdmin", "authorId", "authorName", "authorEmail", "attachments", "createdAt", "updatedAt") VALUES ('cmfjf58qj000310uveu83p2vr', 'cmfjf03ue0007culi28xl9ml8', 'thank you', false, false, NULL, 'Zoz Emad', 'ziz@gmail.com', '[]', '2025-09-14T08:14:01.339Z', '2025-09-14T08:14:01.339Z');
INSERT INTO "ticket_responses" ("id", "ticketId", "message", "isInternal", "isFromAdmin", "authorId", "authorName", "authorEmail", "attachments", "createdAt", "updatedAt") VALUES ('cmfjrzusy0003odhszcoi3va4', 'cmfjf03ue0007culi28xl9ml8', 'so much', false, false, NULL, 'Zoz Emad', 'ziz@gmail.com', '[]', '2025-09-14T14:13:45.008Z', '2025-09-14T14:13:45.008Z');


-- Table: usage_tracking
DELETE FROM "usage_tracking";
INSERT INTO "usage_tracking" ("id", "userId", "brandId", "resourceType", "currentCount", "limit", "lastUpdated", "createdAt", "updatedAt") VALUES ('cmfb6rh6t0001tid6a1hgw311', 'cmf5cyypi0001qzcy1ddu95zm', 'cmf5cyyq80003qzcy4d6sutkg', 'inventory', 0, -1, '2025-09-08T13:57:12.769Z', '2025-09-08T13:57:12.769Z', '2025-09-08T13:57:12.769Z');
INSERT INTO "usage_tracking" ("id", "userId", "brandId", "resourceType", "currentCount", "limit", "lastUpdated", "createdAt", "updatedAt") VALUES ('cmfb6rw5p0001gej4aizc68lf', 'cmf5cyypi0001qzcy1ddu95zm', 'cmf5cyyq80003qzcy4d6sutkg', 'team_members', 1, -1, '2025-09-08T13:57:32.173Z', '2025-09-08T13:57:32.173Z', '2025-09-08T13:57:32.173Z');
INSERT INTO "usage_tracking" ("id", "userId", "brandId", "resourceType", "currentCount", "limit", "lastUpdated", "createdAt", "updatedAt") VALUES ('cmfb6rw5s0003gej4yvbk8jk3', 'cmf5cyypi0001qzcy1ddu95zm', 'cmf5cyyq80003qzcy4d6sutkg', 'wallets', 0, -1, '2025-09-08T13:57:32.176Z', '2025-09-08T13:57:32.176Z', '2025-09-08T13:57:32.176Z');
INSERT INTO "usage_tracking" ("id", "userId", "brandId", "resourceType", "currentCount", "limit", "lastUpdated", "createdAt", "updatedAt") VALUES ('cmfb6rw5y0005gej41tw63ahm', 'cmf5cyypi0001qzcy1ddu95zm', 'cmf5cyyq80003qzcy4d6sutkg', 'transactions', 0, 100, '2025-09-08T13:57:32.183Z', '2025-09-08T13:57:32.183Z', '2025-09-08T13:57:32.183Z');
INSERT INTO "usage_tracking" ("id", "userId", "brandId", "resourceType", "currentCount", "limit", "lastUpdated", "createdAt", "updatedAt") VALUES ('cmfb6rw68000dgej4hfmec5eo', 'cmfb4v2ec0001zl8npyncsuls', 'cmfb4v2en0003zl8n346klzlu', 'transactions', 0, -1, '2025-09-08T14:06:38.880Z', '2025-09-08T13:57:32.193Z', '2025-09-08T14:06:38.882Z');
INSERT INTO "usage_tracking" ("id", "userId", "brandId", "resourceType", "currentCount", "limit", "lastUpdated", "createdAt", "updatedAt") VALUES ('cmfb6rw610007gej41tzppee5', 'cmfb4v2ec0001zl8npyncsuls', 'cmfb4v2en0003zl8n346klzlu', 'inventory', 22, 100, '2025-09-11T08:19:20.702Z', '2025-09-08T13:57:32.186Z', '2025-09-11T08:19:20.706Z');
INSERT INTO "usage_tracking" ("id", "userId", "brandId", "resourceType", "currentCount", "limit", "lastUpdated", "createdAt", "updatedAt") VALUES ('cmfb6rw640009gej4lbdvfxxu', 'cmfb4v2ec0001zl8npyncsuls', 'cmfb4v2en0003zl8n346klzlu', 'team_members', 1, 2, '2025-09-11T08:19:20.715Z', '2025-09-08T13:57:32.188Z', '2025-09-11T08:19:20.716Z');
INSERT INTO "usage_tracking" ("id", "userId", "brandId", "resourceType", "currentCount", "limit", "lastUpdated", "createdAt", "updatedAt") VALUES ('cmfb6rw66000bgej4aoe37ta0', 'cmfb4v2ec0001zl8npyncsuls', 'cmfb4v2en0003zl8n346klzlu', 'wallets', 1, 2, '2025-09-14T20:32:43.162Z', '2025-09-08T13:57:32.190Z', '2025-09-14T20:32:43.164Z');


-- Re-enable foreign key checks
SET session_replication_role = DEFAULT;

-- Migration dump completed successfully!
-- 
-- Next steps for your friend:
-- 1. Create a new PostgreSQL database
-- 2. Update DATABASE_URL in .env file
-- 3. Run: npx prisma generate
-- 4. Import this dump: psql -h localhost -U username -d database_name < migration-dump-2025-09-17T14-34-46-576Z.sql
-- 5. Verify the migration with: npx prisma studio
